backbone,length,condition,target,charge,nll
1ENH,54,unconstrained,,1,1.0300158262252808
1ENH,54,unconstrained,,-1,0.9640668034553528
1ENH,54,unconstrained,,3,1.0644795894622803
1ENH,54,unconstrained,,1,1.0882513523101807
1ENH,54,unconstrained,,5,1.0904898643493652
1ENH,54,unconstrained,,-2,0.9538784027099609
1ENH,54,unconstrained,,-4,0.9562948346138
1ENH,54,unconstrained,,0,1.1683300733566284
1ENH,54,unconstrained,,2,1.0012624263763428
1ENH,54,unconstrained,,-2,1.0038405656814575
1ENH,54,unconstrained,,3,1.032614827156067
1ENH,54,unconstrained,,-1,1.0298370122909546
1ENH,54,unconstrained,,14,1.0414719581604004
1ENH,54,unconstrained,,-4,0.938906729221344
1ENH,54,unconstrained,,-2,1.024703860282898
1ENH,54,unconstrained,,0,1.0689939260482788
1ENH,54,unconstrained,,1,1.035841464996338
1ENH,54,unconstrained,,6,1.1425412893295288
1ENH,54,unconstrained,,1,0.9362270832061768
1ENH,54,unconstrained,,1,1.0131096839904785
1ENH,54,unconstrained,,0,1.0035725831985474
1ENH,54,unconstrained,,6,1.0549218654632568
1ENH,54,unconstrained,,2,1.0639437437057495
1ENH,54,unconstrained,,2,1.023776650428772
1ENH,54,unconstrained,,14,1.0840816497802734
1ENH,54,unconstrained,,-3,1.1005131006240845
1ENH,54,unconstrained,,2,1.1235241889953613
1ENH,54,unconstrained,,5,1.0032681226730347
1ENH,54,unconstrained,,16,1.0624703168869019
1ENH,54,unconstrained,,-1,0.9964317679405212
1ENH,54,unconstrained,,-3,0.9305874705314636
1ENH,54,unconstrained,,-4,1.0530351400375366
1ENH,54,unconstrained,,-1,1.0251692533493042
1ENH,54,unconstrained,,-3,0.9634461402893066
1ENH,54,unconstrained,,4,1.0439802408218384
1ENH,54,unconstrained,,-2,0.9505900740623474
1ENH,54,unconstrained,,7,1.0642836093902588
1ENH,54,unconstrained,,1,1.1305725574493408
1ENH,54,unconstrained,,3,1.095880150794983
1ENH,54,unconstrained,,-2,0.9856759309768677
1ENH,54,unconstrained,,-4,1.0232590436935425
1ENH,54,unconstrained,,4,0.9523618817329407
1ENH,54,unconstrained,,1,1.0756916999816895
1ENH,54,unconstrained,,0,1.0385605096817017
1ENH,54,unconstrained,,7,1.1248265504837036
1ENH,54,unconstrained,,-2,1.1220486164093018
1ENH,54,unconstrained,,11,1.073001742362976
1ENH,54,unconstrained,,0,1.0434987545013428
1ENH,54,unconstrained,,-4,1.0746808052062988
1ENH,54,unconstrained,,-3,1.0458852052688599
1ENH,54,unconstrained,,11,1.1027809381484985
1ENH,54,unconstrained,,-1,1.0918998718261719
1ENH,54,unconstrained,,-5,1.1112715005874634
1ENH,54,unconstrained,,0,1.0970016717910767
1ENH,54,unconstrained,,2,1.101332664489746
1ENH,54,unconstrained,,-5,1.075475811958313
1ENH,54,unconstrained,,5,1.0792657136917114
1ENH,54,unconstrained,,-1,0.9951878786087036
1ENH,54,unconstrained,,7,1.145975112915039
1ENH,54,unconstrained,,-1,0.9196306467056274
1ENH,54,unconstrained,,3,1.0627621412277222
1ENH,54,unconstrained,,-10,1.056950330734253
1ENH,54,unconstrained,,-5,0.9715861082077026
1ENH,54,unconstrained,,7,1.0712772607803345
1ENH,54,unconstrained,,-6,0.9364525079727173
1ENH,54,unconstrained,,4,1.1466701030731201
1ENH,54,unconstrained,,-5,0.9496445655822754
1ENH,54,unconstrained,,4,1.1257323026657104
1ENH,54,unconstrained,,-5,1.0485416650772095
1ENH,54,unconstrained,,-2,1.0291420221328735
1ENH,54,unconstrained,,0,1.0177809000015259
1ENH,54,unconstrained,,0,0.9586902260780334
1ENH,54,unconstrained,,-2,0.957317590713501
1ENH,54,unconstrained,,-5,1.1083050966262817
1ENH,54,unconstrained,,-1,0.9479030966758728
1ENH,54,unconstrained,,2,1.039117693901062
1ENH,54,unconstrained,,4,1.1164565086364746
1ENH,54,unconstrained,,-3,1.0693036317825317
1ENH,54,unconstrained,,-2,0.9977684020996094
1ENH,54,unconstrained,,2,0.9852125644683838
1ENH,54,unconstrained,,1,0.9695723056793213
1ENH,54,unconstrained,,11,1.1564362049102783
1ENH,54,unconstrained,,0,1.0100988149642944
1ENH,54,unconstrained,,-2,1.0439255237579346
1ENH,54,unconstrained,,-1,0.9674107432365417
1ENH,54,unconstrained,,9,1.0710642337799072
1ENH,54,unconstrained,,21,1.0810601711273193
1ENH,54,unconstrained,,-2,1.0003546476364136
1ENH,54,unconstrained,,0,0.9870365858078003
1ENH,54,unconstrained,,-5,0.998347818851471
1ENH,54,unconstrained,,-2,0.9243686199188232
1ENH,54,unconstrained,,1,1.0727121829986572
1ENH,54,unconstrained,,-3,0.997452974319458
1ENH,54,unconstrained,,-1,1.022878885269165
1ENH,54,unconstrained,,5,1.1019783020019531
1ENH,54,unconstrained,,-1,0.9833722114562988
1ENH,54,unconstrained,,1,1.1211068630218506
1ENH,54,unconstrained,,7,1.105086326599121
1ENH,54,unconstrained,,0,1.0170345306396484
1ENH,54,unconstrained,,0,1.075386881828308
1ENH,54,unconstrained,,-1,1.0277386903762817
1ENH,54,unconstrained,,-1,1.0132920742034912
1ENH,54,unconstrained,,-4,1.1199861764907837
1ENH,54,unconstrained,,2,1.0996133089065552
1ENH,54,unconstrained,,5,0.9950184226036072
1ENH,54,unconstrained,,0,1.0346451997756958
1ENH,54,unconstrained,,-2,1.0411659479141235
1ENH,54,unconstrained,,-3,0.9949121475219727
1ENH,54,unconstrained,,0,0.9791266918182373
1ENH,54,unconstrained,,-1,1.0145200490951538
1ENH,54,unconstrained,,-3,0.9543848633766174
1ENH,54,unconstrained,,1,1.0917057991027832
1ENH,54,unconstrained,,-3,1.0875715017318726
1ENH,54,unconstrained,,6,0.9491032361984253
1ENH,54,unconstrained,,3,1.0161546468734741
1ENH,54,unconstrained,,2,1.000287413597107
1ENH,54,unconstrained,,0,0.9110639691352844
1ENH,54,unconstrained,,2,1.1104339361190796
1ENH,54,unconstrained,,-2,1.0309422016143799
1ENH,54,unconstrained,,-1,0.9865936040878296
1ENH,54,unconstrained,,-3,1.0171383619308472
1ENH,54,unconstrained,,11,1.0481830835342407
1ENH,54,unconstrained,,-1,1.0558550357818604
1ENH,54,unconstrained,,3,1.1510692834854126
1ENH,54,unconstrained,,2,1.1193699836730957
1ENH,54,unconstrained,,-2,0.9452575445175171
1ENH,54,unconstrained,,-1,1.0620936155319214
1ENH,54,unconstrained,,10,1.0836659669876099
1ENH,54,unconstrained,,0,1.062654733657837
1ENH,54,unconstrained,,-2,1.0031920671463013
1ENH,54,unconstrained,,3,1.0612846612930298
1ENH,54,unconstrained,,1,0.9975894093513489
1ENH,54,unconstrained,,-1,0.9990290999412537
1ENH,54,unconstrained,,-2,0.9566308259963989
1ENH,54,unconstrained,,13,1.119708776473999
1ENH,54,unconstrained,,-1,1.0222400426864624
1ENH,54,unconstrained,,12,1.0653493404388428
1ENH,54,unconstrained,,-2,1.01010262966156
1ENH,54,unconstrained,,-1,0.919479250907898
1ENH,54,unconstrained,,-3,0.9431782960891724
1ENH,54,unconstrained,,-2,1.0097026824951172
1ENH,54,unconstrained,,-6,0.9480620622634888
1ENH,54,unconstrained,,2,1.0795097351074219
1ENH,54,unconstrained,,-1,0.9338878989219666
1ENH,54,unconstrained,,2,1.0065089464187622
1ENH,54,unconstrained,,-5,1.0637612342834473
1ENH,54,unconstrained,,-2,1.0106935501098633
1ENH,54,unconstrained,,1,0.943014919757843
1ENH,54,unconstrained,,2,1.1420806646347046
1ENH,54,unconstrained,,2,1.1184027194976807
1ENH,54,unconstrained,,16,1.0612797737121582
1ENH,54,unconstrained,,4,0.9273897409439087
1ENH,54,unconstrained,,-3,1.0975432395935059
1ENH,54,unconstrained,,-4,1.059910774230957
1ENH,54,unconstrained,,-1,0.9153052568435669
1ENH,54,unconstrained,,17,1.062756061553955
1ENH,54,unconstrained,,3,1.0269335508346558
1ENH,54,unconstrained,,-6,0.914186954498291
1ENH,54,unconstrained,,4,1.098365306854248
1ENH,54,unconstrained,,-1,1.0560777187347412
1ENH,54,unconstrained,,2,0.9676730632781982
1ENH,54,unconstrained,,1,0.9746074676513672
1ENH,54,unconstrained,,1,1.0259582996368408
1ENH,54,unconstrained,,-3,0.950396716594696
1ENH,54,unconstrained,,2,1.019419550895691
1ENH,54,unconstrained,,-1,1.0093004703521729
1ENH,54,unconstrained,,1,1.0860891342163086
1ENH,54,unconstrained,,1,0.9782547950744629
1ENH,54,unconstrained,,-3,1.075118064880371
1ENH,54,unconstrained,,-2,0.9816330075263977
1ENH,54,unconstrained,,0,0.9273844361305237
1ENH,54,unconstrained,,-2,0.959476888179779
1ENH,54,unconstrained,,0,0.9837065935134888
1ENH,54,unconstrained,,13,1.0995184183120728
1ENH,54,unconstrained,,3,1.1620560884475708
1ENH,54,unconstrained,,-5,1.0570491552352905
1ENH,54,unconstrained,,0,1.0709328651428223
1ENH,54,unconstrained,,7,1.1003965139389038
1ENH,54,unconstrained,,0,1.0480928421020508
1ENH,54,unconstrained,,-1,0.9825063943862915
1ENH,54,unconstrained,,0,1.1240979433059692
1ENH,54,unconstrained,,4,1.0783171653747559
1ENH,54,unconstrained,,-4,0.9643502235412598
1ENH,54,unconstrained,,-5,1.0094616413116455
1ENH,54,unconstrained,,-3,0.9828730225563049
1ENH,54,unconstrained,,-5,0.9955915808677673
1ENH,54,unconstrained,,13,1.0668058395385742
1ENH,54,unconstrained,,1,1.0537699460983276
1ENH,54,unconstrained,,5,1.010545253753662
1ENH,54,unconstrained,,0,0.9741809964179993
1ENH,54,unconstrained,,-2,0.9138641357421875
1ENH,54,unconstrained,,-6,1.0921108722686768
1ENH,54,unconstrained,,0,0.992405354976654
1ENH,54,unconstrained,,-4,1.0447357892990112
1ENH,54,unconstrained,,4,1.093961238861084
1ENH,54,unconstrained,,2,1.0254870653152466
1ENH,54,unconstrained,,0,1.0213549137115479
1ENH,54,unconstrained,,2,1.1166092157363892
1ENH,54,unconstrained,,3,0.9118582010269165
1ENH,54,unconstrained,,-1,1.0268864631652832
1ENH,54,unconstrained,,3,1.0582611560821533
1ENH,54,unconstrained,,0,0.9301349520683289
1ENH,54,unconstrained,,2,1.0377463102340698
1ENH,54,unconstrained,,-2,1.0013784170150757
1ENH,54,unconstrained,,9,1.103607416152954
1ENH,54,unconstrained,,-6,1.0262762308120728
1ENH,54,unconstrained,,-5,1.0683395862579346
1ENH,54,unconstrained,,-1,0.9577053189277649
1ENH,54,unconstrained,,5,0.9857394099235535
1ENH,54,unconstrained,,-2,1.097087025642395
1ENH,54,unconstrained,,-6,1.0574003458023071
1ENH,54,unconstrained,,-1,0.9631643295288086
1ENH,54,unconstrained,,4,1.147720217704773
1ENH,54,unconstrained,,0,1.0704827308654785
1ENH,54,unconstrained,,10,1.0489412546157837
1ENH,54,unconstrained,,-4,1.044028639793396
1ENH,54,unconstrained,,-3,0.9578487277030945
1ENH,54,unconstrained,,-3,0.9464823603630066
1ENH,54,unconstrained,,-2,1.1113555431365967
1ENH,54,unconstrained,,-5,0.9457676410675049
1ENH,54,unconstrained,,-3,1.0137819051742554
1ENH,54,unconstrained,,-1,0.9786297082901001
1ENH,54,unconstrained,,-5,1.10532546043396
1ENH,54,unconstrained,,0,1.01456880569458
1ENH,54,unconstrained,,-3,0.9630061984062195
1ENH,54,unconstrained,,-2,0.9411109685897827
1ENH,54,unconstrained,,3,1.0932137966156006
1ENH,54,unconstrained,,-2,0.9860954284667969
1ENH,54,unconstrained,,0,1.0494245290756226
1ENH,54,unconstrained,,15,1.1236714124679565
1ENH,54,unconstrained,,-1,0.9771496653556824
1ENH,54,unconstrained,,-1,0.9807478785514832
1ENH,54,unconstrained,,-3,0.9461444020271301
1ENH,54,unconstrained,,-5,1.0420416593551636
1ENH,54,unconstrained,,0,0.9325267672538757
1ENH,54,unconstrained,,0,0.9322643280029297
1ENH,54,unconstrained,,-2,0.9366724491119385
1ENH,54,unconstrained,,0,0.9896724820137024
1ENH,54,unconstrained,,-4,1.0184344053268433
1ENH,54,unconstrained,,-1,0.9377923011779785
1ENH,54,unconstrained,,0,0.9453095197677612
1ENH,54,unconstrained,,12,1.0282409191131592
1ENH,54,unconstrained,,2,1.074823021888733
1ENH,54,unconstrained,,-1,0.976936399936676
1ENH,54,unconstrained,,-3,1.0355514287948608
1ENH,54,unconstrained,,2,1.1242083311080933
1ENH,54,unconstrained,,6,1.1019442081451416
1ENH,54,unconstrained,,2,1.0504162311553955
1ENH,54,unconstrained,,3,0.96407151222229
1ENH,54,unconstrained,,-5,0.9954078793525696
1ENH,54,unconstrained,,-9,1.0534327030181885
1ENH,54,unconstrained,,2,1.057814598083496
1ENH,54,unconstrained,,1,0.944038987159729
1ENH,54,unconstrained,,1,0.9866942763328552
1ENH,54,unconstrained,,4,0.9578713178634644
1ENH,54,unconstrained,,-4,0.9196339845657349
1ENH,54,unconstrained,,1,1.1079950332641602
1ENH,54,unconstrained,,-1,0.9749264121055603
1ENH,54,unconstrained,,-1,1.0133253335952759
1ENH,54,unconstrained,,-3,0.9560816884040833
1ENH,54,unconstrained,,-1,1.0024006366729736
1ENH,54,unconstrained,,0,1.110817790031433
1ENH,54,unconstrained,,-1,0.9540489315986633
1ENH,54,unconstrained,,1,1.0639545917510986
1ENH,54,unconstrained,,-1,1.071083903312683
1ENH,54,unconstrained,,1,1.083196997642517
1ENH,54,unconstrained,,7,1.0274945497512817
1ENH,54,unconstrained,,0,1.06394362449646
1ENH,54,unconstrained,,-1,1.1343564987182617
1ENH,54,unconstrained,,0,1.0564604997634888
1ENH,54,unconstrained,,-3,0.9628351330757141
1ENH,54,unconstrained,,12,1.0719194412231445
1ENH,54,unconstrained,,3,1.0454097986221313
1ENH,54,unconstrained,,1,0.9637311100959778
1ENH,54,unconstrained,,-1,0.9393494129180908
1ENH,54,unconstrained,,0,1.0922976732254028
1ENH,54,unconstrained,,6,1.0555437803268433
1ENH,54,unconstrained,,4,0.9596953392028809
1ENH,54,unconstrained,,-3,0.9977253079414368
1ENH,54,unconstrained,,2,1.1167409420013428
1ENH,54,unconstrained,,5,1.0789796113967896
1ENH,54,unconstrained,,-6,1.1288824081420898
1ENH,54,unconstrained,,4,1.0764241218566895
1ENH,54,unconstrained,,14,1.0483280420303345
1ENH,54,unconstrained,,1,0.9884729981422424
1ENH,54,unconstrained,,11,1.1056393384933472
1ENH,54,unconstrained,,1,1.0931998491287231
1ENH,54,unconstrained,,-1,1.0186856985092163
1ENH,54,unconstrained,,0,0.986941933631897
1ENH,54,unconstrained,,-2,0.9567644596099854
1ENH,54,unconstrained,,3,0.9578986167907715
1ENH,54,unconstrained,,1,1.040068507194519
1ENH,54,unconstrained,,1,1.0665909051895142
1ENH,54,unconstrained,,0,0.9669538736343384
1ENH,54,unconstrained,,-1,1.0804104804992676
1ENH,54,unconstrained,,-2,0.9632984399795532
1ENH,54,unconstrained,,0,1.0198360681533813
1ENH,54,unconstrained,,3,1.0144582986831665
1ENH,54,unconstrained,,3,0.9479854702949524
1ENH,54,unconstrained,,6,1.0884896516799927
1ENH,54,unconstrained,,2,0.9896204471588135
1ENH,54,unconstrained,,0,1.0310888290405273
1ENH,54,unconstrained,,-2,1.0769691467285156
1ENH,54,unconstrained,,7,1.0385425090789795
1ENH,54,unconstrained,,6,1.0753331184387207
1ENH,54,unconstrained,,-3,0.980813205242157
1ENH,54,unconstrained,,5,1.1326239109039307
1ENH,54,unconstrained,,-1,0.9583542943000793
1ENH,54,unconstrained,,2,1.0928754806518555
1ENH,54,unconstrained,,0,1.033887505531311
1ENH,54,unconstrained,,2,1.1008046865463257
1ENH,54,unconstrained,,-5,1.0551583766937256
1ENH,54,unconstrained,,15,1.0518969297409058
1ENH,54,unconstrained,,0,0.9722237586975098
1ENH,54,unconstrained,,-5,0.9967888593673706
1ENH,54,unconstrained,,-5,0.9435036778450012
1ENH,54,unconstrained,,4,1.1263588666915894
1ENH,54,unconstrained,,-1,1.1254761219024658
1ENH,54,unconstrained,,1,1.0574933290481567
1ENH,54,unconstrained,,1,0.9802436232566833
1ENH,54,unconstrained,,6,1.0607717037200928
1ENH,54,unconstrained,,6,1.0968064069747925
1ENH,54,unconstrained,,-2,0.9810056686401367
1ENH,54,unconstrained,,0,1.0697786808013916
1ENH,54,unconstrained,,-1,0.9782155156135559
1ENH,54,unconstrained,,6,1.0395867824554443
1ENH,54,unconstrained,,5,0.9576003551483154
1ENH,54,unconstrained,,0,0.9450457692146301
1ENH,54,unconstrained,,-1,0.9404692649841309
1ENH,54,unconstrained,,5,0.9966598153114319
1ENH,54,unconstrained,,0,1.0592597723007202
1ENH,54,unconstrained,,1,1.1114474534988403
1ENH,54,unconstrained,,-3,0.9925599098205566
1ENH,54,unconstrained,,-2,1.0045031309127808
1ENH,54,unconstrained,,-4,0.9881823658943176
1ENH,54,unconstrained,,-3,1.058549165725708
1ENH,54,unconstrained,,4,1.0199015140533447
1ENH,54,unconstrained,,-1,0.9441238641738892
1ENH,54,unconstrained,,10,1.083492398262024
1ENH,54,unconstrained,,7,1.1006324291229248
1ENH,54,unconstrained,,-3,1.0939823389053345
1ENH,54,unconstrained,,16,1.0976701974868774
1ENH,54,unconstrained,,-2,1.1254857778549194
1ENH,54,unconstrained,,-2,0.960389256477356
1ENH,54,unconstrained,,-5,1.0231817960739136
1ENH,54,unconstrained,,3,0.9931687116622925
1ENH,54,unconstrained,,-5,0.8933515548706055
1ENH,54,unconstrained,,-3,0.9649795293807983
1ENH,54,unconstrained,,-2,1.1003172397613525
1ENH,54,unconstrained,,-1,0.9903839230537415
1ENH,54,unconstrained,,6,1.1035325527191162
1ENH,54,unconstrained,,-3,1.058456540107727
1ENH,54,unconstrained,,1,1.0496091842651367
1ENH,54,unconstrained,,2,1.0664653778076172
1ENH,54,unconstrained,,1,0.9669510722160339
1ENH,54,unconstrained,,2,0.9530811905860901
1ENH,54,unconstrained,,-2,0.9761786460876465
1ENH,54,unconstrained,,0,0.9489342570304871
1ENH,54,unconstrained,,0,0.9699728488922119
1ENH,54,unconstrained,,-1,1.030887484550476
1ENH,54,unconstrained,,7,1.0630745887756348
1ENH,54,unconstrained,,6,1.0537279844284058
1ENH,54,unconstrained,,-1,0.9622998237609863
1ENH,54,unconstrained,,4,1.049286961555481
1ENH,54,unconstrained,,3,0.9182173013687134
1ENH,54,unconstrained,,-1,0.9778910279273987
1ENH,54,unconstrained,,1,1.0176305770874023
1ENH,54,unconstrained,,0,1.0426546335220337
1ENH,54,unconstrained,,9,1.102233648300171
1ENH,54,unconstrained,,1,1.0668327808380127
1ENH,54,unconstrained,,3,1.0488344430923462
1ENH,54,unconstrained,,7,1.0288258790969849
1ENH,54,unconstrained,,1,1.0958625078201294
1ENH,54,unconstrained,,-3,1.0015747547149658
1ENH,54,unconstrained,,0,0.9359623789787292
1ENH,54,unconstrained,,-2,0.9367968440055847
1ENH,54,unconstrained,,-3,0.9782721400260925
1ENH,54,unconstrained,,6,0.9912959933280945
1ENH,54,unconstrained,,-3,0.9295114874839783
1ENH,54,unconstrained,,-7,1.0204037427902222
1ENH,54,unconstrained,,0,0.9644290804862976
1ENH,54,unconstrained,,5,1.1320135593414307
1ENH,54,unconstrained,,8,1.029176115989685
1ENH,54,unconstrained,,3,0.9404702186584473
1ENH,54,unconstrained,,-3,1.0219942331314087
1ENH,54,unconstrained,,5,1.0307857990264893
1ENH,54,unconstrained,,7,1.0751659870147705
1ENH,54,unconstrained,,3,1.1365783214569092
1ENH,54,unconstrained,,-4,0.9919631481170654
1ENH,54,unconstrained,,-3,1.1099936962127686
1ENH,54,unconstrained,,1,0.956318199634552
1ENH,54,unconstrained,,-5,0.9714109897613525
1ENH,54,unconstrained,,7,1.0785139799118042
1ENH,54,unconstrained,,-2,0.9639592170715332
1ENH,54,unconstrained,,10,1.0702168941497803
1ENH,54,unconstrained,,-1,0.9905763864517212
1ENH,54,unconstrained,,8,1.0741912126541138
1ENH,54,unconstrained,,8,1.0941592454910278
1ENH,54,unconstrained,,-3,0.9324946999549866
1ENH,54,unconstrained,,1,0.9682488441467285
1ENH,54,unconstrained,,-6,0.9654410481452942
1ENH,54,unconstrained,,2,0.9883278012275696
1ENH,54,unconstrained,,2,1.0732742547988892
1ENH,54,unconstrained,,-4,1.013303279876709
1ENH,54,unconstrained,,2,1.1336246728897095
1ENH,54,unconstrained,,2,1.0316376686096191
1ENH,54,unconstrained,,-6,1.146639108657837
1ENH,54,unconstrained,,-1,0.9511508345603943
1ENH,54,unconstrained,,1,1.0095995664596558
1ENH,54,unconstrained,,1,1.0918076038360596
1ENH,54,unconstrained,,0,0.9849750995635986
1ENH,54,unconstrained,,2,0.9782648682594299
1ENH,54,unconstrained,,20,1.2320678234100342
1ENH,54,unconstrained,,1,1.103489875793457
1ENH,54,unconstrained,,15,1.0343674421310425
1ENH,54,unconstrained,,-1,1.0376548767089844
1ENH,54,unconstrained,,-2,1.0414323806762695
1ENH,54,unconstrained,,-2,1.075352430343628
1ENH,54,unconstrained,,1,0.994243860244751
1ENH,54,unconstrained,,1,1.073091983795166
1ENH,54,unconstrained,,-2,0.9844022989273071
1ENH,54,unconstrained,,0,0.9684412479400635
1ENH,54,unconstrained,,-3,1.026511788368225
1ENH,54,unconstrained,,1,0.9434841275215149
1ENH,54,unconstrained,,1,0.9641197323799133
1ENH,54,unconstrained,,6,1.0476969480514526
1ENH,54,unconstrained,,2,0.9511906504631042
1ENH,54,unconstrained,,11,1.1015723943710327
1ENH,54,unconstrained,,0,1.0963724851608276
1ENH,54,unconstrained,,-4,1.051851749420166
1ENH,54,unconstrained,,5,1.012911319732666
1ENH,54,unconstrained,,3,0.9423174262046814
1ENH,54,unconstrained,,-2,0.9650530219078064
1ENH,54,unconstrained,,-4,1.0765447616577148
1ENH,54,unconstrained,,1,0.9665913581848145
1ENH,54,unconstrained,,-3,1.0667874813079834
1ENH,54,unconstrained,,-4,0.9488165974617004
1ENH,54,unconstrained,,-5,0.9422928094863892
1ENH,54,unconstrained,,1,1.0062880516052246
1ENH,54,unconstrained,,0,1.0933994054794312
1ENH,54,unconstrained,,-8,1.0410407781600952
1ENH,54,unconstrained,,0,1.0211386680603027
1ENH,54,unconstrained,,-5,1.0078915357589722
1ENH,54,unconstrained,,0,0.9559313654899597
1ENH,54,unconstrained,,3,1.0767903327941895
1ENH,54,unconstrained,,-1,0.9852337837219238
1ENH,54,unconstrained,,1,1.0026421546936035
1ENH,54,unconstrained,,4,1.0396311283111572
1ENH,54,unconstrained,,-1,1.0324918031692505
1ENH,54,unconstrained,,9,1.0829843282699585
1ENH,54,unconstrained,,-4,1.0130246877670288
1ENH,54,unconstrained,,-2,1.0708619356155396
1ENH,54,unconstrained,,3,1.0983048677444458
1ENH,54,unconstrained,,2,1.0144654512405396
1ENH,54,unconstrained,,0,1.0238195657730103
1ENH,54,unconstrained,,0,0.9579710960388184
1ENH,54,unconstrained,,1,1.051904559135437
1ENH,54,unconstrained,,2,0.9565578103065491
1ENH,54,unconstrained,,-2,1.0085725784301758
1ENH,54,unconstrained,,-4,0.9674937129020691
1ENH,54,unconstrained,,-1,0.9922001957893372
1ENH,54,unconstrained,,3,1.0829768180847168
1ENH,54,unconstrained,,-1,1.0886931419372559
1ENH,54,unconstrained,,-2,0.969393253326416
1ENH,54,unconstrained,,0,1.0447369813919067
1ENH,54,unconstrained,,-1,0.9586782455444336
1ENH,54,unconstrained,,4,1.1174532175064087
1ENH,54,unconstrained,,5,1.1014906167984009
1ENH,54,unconstrained,,-2,0.958372175693512
1ENH,54,unconstrained,,0,0.9351397752761841
1ENH,54,unconstrained,,-4,0.9574096202850342
1ENH,54,unconstrained,,0,1.1372486352920532
1ENH,54,unconstrained,,-3,1.0530685186386108
1ENH,54,unconstrained,,4,1.0361948013305664
1ENH,54,unconstrained,,-1,1.0909466743469238
1ENH,54,unconstrained,,3,1.0415163040161133
1ENH,54,unconstrained,,-2,1.0909559726715088
1ENH,54,unconstrained,,4,1.086285948753357
1ENH,54,unconstrained,,1,1.0186867713928223
1ENH,54,unconstrained,,-1,1.0472028255462646
1ENH,54,unconstrained,,3,1.0887218713760376
1ENH,54,unconstrained,,12,0.992865800857544
1ENH,54,unconstrained,,6,1.0199334621429443
1ENH,54,unconstrained,,-2,0.9285436868667603
1ENH,54,unconstrained,,0,0.9693593978881836
1ENH,54,unconstrained,,2,0.9981751441955566
1ENH,54,unconstrained,,-2,1.0531537532806396
1ENH,54,unconstrained,,-2,1.1084316968917847
1ENH,54,unconstrained,,2,1.1232306957244873
1ENH,54,unconstrained,,0,0.9983735084533691
1ENH,54,unconstrained,,1,1.0736185312271118
1ENH,54,unconstrained,,-2,0.9974292516708374
1ENH,54,unconstrained,,-1,0.9867774844169617
1ENH,54,unconstrained,,0,1.0517714023590088
1ENH,54,unconstrained,,-1,1.0813606977462769
1ENH,54,unconstrained,,3,1.0076124668121338
1ENH,54,unconstrained,,12,1.0216765403747559
1ENH,54,unconstrained,,-1,0.9511797428131104
1ENH,54,unconstrained,,-1,1.1041805744171143
1ENH,54,unconstrained,,-2,1.1015691757202148
1ENH,54,unconstrained,,4,1.0152192115783691
1ENH,54,unconstrained,,2,0.987361490726471
1ENH,54,unconstrained,,-8,0.9952230453491211
1ENH,54,unconstrained,,-2,0.9682609438896179
1ENH,54,unconstrained,,-1,0.9727979898452759
1ENH,54,unconstrained,,-6,1.0920884609222412
1ENH,54,unconstrained,,1,1.015479564666748
1ENH,54,unconstrained,,0,1.0847978591918945
1ENH,54,unconstrained,,-1,0.9855366945266724
1ENH,54,unconstrained,,2,1.0382630825042725
1ENH,54,unconstrained,,1,0.9711722135543823
1ENH,54,unconstrained,,0,1.034209966659546
1ENH,54,constrained,-11,-11,1.1441287994384766
1ENH,54,constrained,-11,-11,1.133126139640808
1ENH,54,constrained,-11,-11,1.1081068515777588
1ENH,54,constrained,-11,-11,1.1502208709716797
1ENH,54,constrained,-11,-11,1.3081250190734863
1ENH,54,constrained,-11,-11,1.2699419260025024
1ENH,54,constrained,-11,-11,1.2587820291519165
1ENH,54,constrained,-11,-11,1.2439016103744507
1ENH,54,constrained,-11,-11,1.1222646236419678
1ENH,54,constrained,-11,-11,1.137089729309082
1ENH,54,constrained,-11,-11,1.2486603260040283
1ENH,54,constrained,-11,-11,1.4561009407043457
1ENH,54,constrained,-11,-11,1.8246303796768188
1ENH,54,constrained,-11,-11,1.4477958679199219
1ENH,54,constrained,-11,-11,1.1537760496139526
1ENH,54,constrained,-11,-11,1.3072469234466553
1ENH,54,constrained,-11,-11,1.368621587753296
1ENH,54,constrained,-11,-11,1.3209635019302368
1ENH,54,constrained,-11,-11,1.091660737991333
1ENH,54,constrained,-11,-11,1.1404588222503662
1ENH,54,constrained,-11,-11,1.225112795829773
1ENH,54,constrained,-11,-11,1.3276640176773071
1ENH,54,constrained,-11,-11,1.2285690307617188
1ENH,54,constrained,-11,-11,1.477146863937378
1ENH,54,constrained,-11,-11,1.3549474477767944
1ENH,54,constrained,-11,-11,1.080528736114502
1ENH,54,constrained,-11,-11,1.243353247642517
1ENH,54,constrained,-11,-11,1.2834588289260864
1ENH,54,constrained,-11,-11,1.217495083808899
1ENH,54,constrained,-11,-11,1.2393244504928589
1ENH,54,constrained,-11,-11,1.3517454862594604
1ENH,54,constrained,-11,-11,1.3537498712539673
1ENH,54,constrained,-7,-7,1.0267388820648193
1ENH,54,constrained,-7,-7,1.1820192337036133
1ENH,54,constrained,-7,-7,1.1213520765304565
1ENH,54,constrained,-7,-7,1.0641387701034546
1ENH,54,constrained,-7,-7,1.0242763757705688
1ENH,54,constrained,-7,-7,1.2493946552276611
1ENH,54,constrained,-7,-7,1.0548193454742432
1ENH,54,constrained,-7,-7,1.3393694162368774
1ENH,54,constrained,-7,-7,1.0012086629867554
1ENH,54,constrained,-7,-7,1.0115106105804443
1ENH,54,constrained,-7,-7,1.0276917219161987
1ENH,54,constrained,-7,-7,1.1904209852218628
1ENH,54,constrained,-7,-7,1.678584337234497
1ENH,54,constrained,-7,-7,1.133156657218933
1ENH,54,constrained,-7,-7,1.1132051944732666
1ENH,54,constrained,-7,-7,1.1917411088943481
1ENH,54,constrained,-7,-7,1.24062180519104
1ENH,54,constrained,-7,-7,1.1871930360794067
1ENH,54,constrained,-7,-7,1.032821774482727
1ENH,54,constrained,-7,-7,1.151871919631958
1ENH,54,constrained,-7,-7,1.1141345500946045
1ENH,54,constrained,-7,-7,1.2044354677200317
1ENH,54,constrained,-7,-7,1.3551734685897827
1ENH,54,constrained,-7,-7,1.2504552602767944
1ENH,54,constrained,-7,-7,1.0505075454711914
1ENH,54,constrained,-7,-7,1.098935842514038
1ENH,54,constrained,-7,-7,1.1057639122009277
1ENH,54,constrained,-7,-7,1.0631399154663086
1ENH,54,constrained,-7,-7,1.1277557611465454
1ENH,54,constrained,-7,-7,0.9928158521652222
1ENH,54,constrained,-7,-7,1.2889901399612427
1ENH,54,constrained,-7,-7,1.0379177331924438
1ENH,54,constrained,-5,-5,1.0370651483535767
1ENH,54,constrained,-5,-5,1.0897129774093628
1ENH,54,constrained,-5,-5,1.103379487991333
1ENH,54,constrained,-5,-5,1.0069305896759033
1ENH,54,constrained,-5,-5,1.0181406736373901
1ENH,54,constrained,-5,-5,1.3027021884918213
1ENH,54,constrained,-5,-5,1.0396169424057007
1ENH,54,constrained,-5,-5,1.166101336479187
1ENH,54,constrained,-5,-5,1.0215504169464111
1ENH,54,constrained,-5,-5,0.9766231179237366
1ENH,54,constrained,-5,-5,1.144165277481079
1ENH,54,constrained,-5,-5,1.1775604486465454
1ENH,54,constrained,-5,-5,1.668147087097168
1ENH,54,constrained,-5,-5,1.1240557432174683
1ENH,54,constrained,-5,-5,1.1733648777008057
1ENH,54,constrained,-5,-5,1.204453706741333
1ENH,54,constrained,-5,-5,1.1104270219802856
1ENH,54,constrained,-5,-5,1.1727794408798218
1ENH,54,constrained,-5,-5,1.0355480909347534
1ENH,54,constrained,-5,-5,1.0796102285385132
1ENH,54,constrained,-5,-5,1.0880147218704224
1ENH,54,constrained,-5,-5,1.0759284496307373
1ENH,54,constrained,-5,-5,1.2937601804733276
1ENH,54,constrained,-5,-5,1.134798288345337
1ENH,54,constrained,-5,-5,1.011276125907898
1ENH,54,constrained,-5,-5,1.1306366920471191
1ENH,54,constrained,-5,-5,1.195873737335205
1ENH,54,constrained,-5,-5,0.9679315686225891
1ENH,54,constrained,-5,-5,1.102656364440918
1ENH,54,constrained,-5,-5,0.9996241927146912
1ENH,54,constrained,-5,-5,1.3680921792984009
1ENH,54,constrained,-5,-5,1.0304487943649292
1ENH,54,constrained,-3,-3,1.0160202980041504
1ENH,54,constrained,-3,-3,0.9982695579528809
1ENH,54,constrained,-3,-3,1.100313663482666
1ENH,54,constrained,-3,-3,0.9878779649734497
1ENH,54,constrained,-3,-3,1.1530373096466064
1ENH,54,constrained,-3,-3,1.1985951662063599
1ENH,54,constrained,-3,-3,0.9944777488708496
1ENH,54,constrained,-3,-3,1.1596806049346924
1ENH,54,constrained,-3,-3,1.0118192434310913
1ENH,54,constrained,-3,-3,1.0302187204360962
1ENH,54,constrained,-3,-3,1.0870022773742676
1ENH,54,constrained,-3,-3,1.0471638441085815
1ENH,54,constrained,-3,-3,1.5392690896987915
1ENH,54,constrained,-3,-3,1.1791386604309082
1ENH,54,constrained,-3,-3,1.195984125137329
1ENH,54,constrained,-3,-3,1.2417088747024536
1ENH,54,constrained,-3,-3,1.0991169214248657
1ENH,54,constrained,-3,-3,1.1864339113235474
1ENH,54,constrained,-3,-3,0.9601324796676636
1ENH,54,constrained,-3,-3,1.0578656196594238
1ENH,54,constrained,-3,-3,0.9737815260887146
1ENH,54,constrained,-3,-3,1.0730869770050049
1ENH,54,constrained,-3,-3,1.2267823219299316
1ENH,54,constrained,-3,-3,1.0473166704177856
1ENH,54,constrained,-3,-3,0.9868661165237427
1ENH,54,constrained,-3,-3,1.051403284072876
1ENH,54,constrained,-3,-3,1.158506155014038
1ENH,54,constrained,-3,-3,1.0497022867202759
1ENH,54,constrained,-3,-3,1.0822755098342896
1ENH,54,constrained,-3,-3,0.9681341648101807
1ENH,54,constrained,-3,-3,1.324802279472351
1ENH,54,constrained,-3,-3,1.11244797706604
1ENH,54,constrained,-1,-1,1.0515145063400269
1ENH,54,constrained,-1,-1,1.1228221654891968
1ENH,54,constrained,-1,-1,1.1316499710083008
1ENH,54,constrained,-1,-1,1.1595607995986938
1ENH,54,constrained,-1,-1,1.1328943967819214
1ENH,54,constrained,-1,-1,1.278213381767273
1ENH,54,constrained,-1,-1,1.0040920972824097
1ENH,54,constrained,-1,-1,1.05731201171875
1ENH,54,constrained,-1,-1,1.004732370376587
1ENH,54,constrained,-1,-1,0.9927566051483154
1ENH,54,constrained,-1,-1,1.0678765773773193
1ENH,54,constrained,-1,-1,1.0906949043273926
1ENH,54,constrained,-1,-1,1.0765049457550049
1ENH,54,constrained,-1,-1,1.1635420322418213
1ENH,54,constrained,-1,-1,1.0824083089828491
1ENH,54,constrained,-1,-1,1.2538548707962036
1ENH,54,constrained,-1,-1,1.1341663599014282
1ENH,54,constrained,-1,-1,1.11026132106781
1ENH,54,constrained,-1,-1,0.9557160139083862
1ENH,54,constrained,-1,-1,1.0176657438278198
1ENH,54,constrained,-1,-1,0.9911714792251587
1ENH,54,constrained,-1,-1,1.176573395729065
1ENH,54,constrained,-1,-1,1.2755149602890015
1ENH,54,constrained,-1,-1,1.0416263341903687
1ENH,54,constrained,-1,-1,0.9512775540351868
1ENH,54,constrained,-1,-1,1.1104031801223755
1ENH,54,constrained,-1,-1,1.3080850839614868
1ENH,54,constrained,-1,-1,1.0658568143844604
1ENH,54,constrained,-1,-1,1.1316323280334473
1ENH,54,constrained,-1,-1,1.123506784439087
1ENH,54,constrained,-1,-1,1.2919374704360962
1ENH,54,constrained,-1,-1,1.0329349040985107
1ENH,54,constrained,1,1,1.05552077293396
1ENH,54,constrained,1,1,1.1324323415756226
1ENH,54,constrained,1,1,1.115185022354126
1ENH,54,constrained,1,1,1.112696886062622
1ENH,54,constrained,1,1,1.1320613622665405
1ENH,54,constrained,1,1,1.132136344909668
1ENH,54,constrained,1,1,1.0765161514282227
1ENH,54,constrained,1,1,1.2225544452667236
1ENH,54,constrained,1,1,0.9811317324638367
1ENH,54,constrained,1,1,1.0221861600875854
1ENH,54,constrained,1,1,1.0849140882492065
1ENH,54,constrained,1,1,1.0786367654800415
1ENH,54,constrained,1,1,1.0626966953277588
1ENH,54,constrained,1,1,1.1365827322006226
1ENH,54,constrained,1,1,1.1331197023391724
1ENH,54,constrained,1,1,1.2101342678070068
1ENH,54,constrained,1,1,1.132810115814209
1ENH,54,constrained,1,1,1.1123440265655518
1ENH,54,constrained,1,1,0.9354906678199768
1ENH,54,constrained,1,1,1.0430243015289307
1ENH,54,constrained,1,1,1.048832893371582
1ENH,54,constrained,1,1,1.2785407304763794
1ENH,54,constrained,1,1,1.1590498685836792
1ENH,54,constrained,1,1,1.031675934791565
1ENH,54,constrained,1,1,0.9884214401245117
1ENH,54,constrained,1,1,1.114497423171997
1ENH,54,constrained,1,1,1.3081634044647217
1ENH,54,constrained,1,1,1.0457444190979004
1ENH,54,constrained,1,1,1.1150892972946167
1ENH,54,constrained,1,1,1.1272391080856323
1ENH,54,constrained,1,1,1.2567307949066162
1ENH,54,constrained,1,1,1.0465025901794434
1ENH,54,constrained,3,3,1.051823377609253
1ENH,54,constrained,3,3,1.1436948776245117
1ENH,54,constrained,3,3,1.124071717262268
1ENH,54,constrained,3,3,1.1565030813217163
1ENH,54,constrained,3,3,1.152024745941162
1ENH,54,constrained,3,3,1.1578186750411987
1ENH,54,constrained,3,3,1.0978920459747314
1ENH,54,constrained,3,3,1.172776699066162
1ENH,54,constrained,3,3,0.9849174618721008
1ENH,54,constrained,3,3,1.0499186515808105
1ENH,54,constrained,3,3,1.194614291191101
1ENH,54,constrained,3,3,1.1281371116638184
1ENH,54,constrained,3,3,1.0511677265167236
1ENH,54,constrained,3,3,1.107688307762146
1ENH,54,constrained,3,3,1.1528139114379883
1ENH,54,constrained,3,3,1.2900285720825195
1ENH,54,constrained,3,3,1.1058602333068848
1ENH,54,constrained,3,3,1.2038747072219849
1ENH,54,constrained,3,3,1.020681381225586
1ENH,54,constrained,3,3,1.0944371223449707
1ENH,54,constrained,3,3,1.0707449913024902
1ENH,54,constrained,3,3,1.296927809715271
1ENH,54,constrained,3,3,1.1397302150726318
1ENH,54,constrained,3,3,1.0379539728164673
1ENH,54,constrained,3,3,1.0413414239883423
1ENH,54,constrained,3,3,1.128014087677002
1ENH,54,constrained,3,3,1.165191888809204
1ENH,54,constrained,3,3,0.9814395904541016
1ENH,54,constrained,3,3,1.109977126121521
1ENH,54,constrained,3,3,1.1429945230484009
1ENH,54,constrained,3,3,1.2786749601364136
1ENH,54,constrained,3,3,1.0664606094360352
1ENH,54,constrained,5,5,1.0536397695541382
1ENH,54,constrained,5,5,1.1366411447525024
1ENH,54,constrained,5,5,1.2506253719329834
1ENH,54,constrained,5,5,1.1888642311096191
1ENH,54,constrained,5,5,1.2468816041946411
1ENH,54,constrained,5,5,1.1254349946975708
1ENH,54,constrained,5,5,1.0938329696655273
1ENH,54,constrained,5,5,1.360642910003662
1ENH,54,constrained,5,5,1.097287893295288
1ENH,54,constrained,5,5,1.0873762369155884
1ENH,54,constrained,5,5,1.206688642501831
1ENH,54,constrained,5,5,1.078414797782898
1ENH,54,constrained,5,5,1.1797163486480713
1ENH,54,constrained,5,5,1.4369292259216309
1ENH,54,constrained,5,5,1.215657114982605
1ENH,54,constrained,5,5,1.189937710762024
1ENH,54,constrained,5,5,1.1150041818618774
1ENH,54,constrained,5,5,1.2378240823745728
1ENH,54,constrained,5,5,1.0311559438705444
1ENH,54,constrained,5,5,1.2283223867416382
1ENH,54,constrained,5,5,1.0356545448303223
1ENH,54,constrained,5,5,1.1858408451080322
1ENH,54,constrained,5,5,1.08987295627594
1ENH,54,constrained,5,5,1.036999225616455
1ENH,54,constrained,5,5,1.1331974267959595
1ENH,54,constrained,5,5,1.1101526021957397
1ENH,54,constrained,5,5,1.1856366395950317
1ENH,54,constrained,5,5,1.0176647901535034
1ENH,54,constrained,5,5,1.1139062643051147
1ENH,54,constrained,5,5,1.1974778175354004
1ENH,54,constrained,5,5,1.2414662837982178
1ENH,54,constrained,5,5,1.1387442350387573
1ENH,54,constrained,7,7,1.0857465267181396
1ENH,54,constrained,7,7,1.1466726064682007
1ENH,54,constrained,7,7,1.1577684879302979
1ENH,54,constrained,7,7,1.2009966373443604
1ENH,54,constrained,7,7,1.1679586172103882
1ENH,54,constrained,7,7,1.13080894947052
1ENH,54,constrained,7,7,1.0677393674850464
1ENH,54,constrained,7,7,1.3237042427062988
1ENH,54,constrained,7,7,1.17991304397583
1ENH,54,constrained,7,7,1.1579805612564087
1ENH,54,constrained,7,7,1.1565492153167725
1ENH,54,constrained,7,7,1.0910170078277588
1ENH,54,constrained,7,7,1.1923695802688599
1ENH,54,constrained,7,7,1.5054558515548706
1ENH,54,constrained,7,7,1.0668052434921265
1ENH,54,constrained,7,7,1.1915169954299927
1ENH,54,constrained,7,7,1.1127468347549438
1ENH,54,constrained,7,7,1.1778348684310913
1ENH,54,constrained,7,7,1.1901336908340454
1ENH,54,constrained,7,7,1.2533897161483765
1ENH,54,constrained,7,7,1.0543904304504395
1ENH,54,constrained,7,7,1.2605994939804077
1ENH,54,constrained,7,7,1.1071641445159912
1ENH,54,constrained,7,7,1.1101456880569458
1ENH,54,constrained,7,7,1.1574628353118896
1ENH,54,constrained,7,7,1.2222803831100464
1ENH,54,constrained,7,7,1.140649676322937
1ENH,54,constrained,7,7,1.0463117361068726
1ENH,54,constrained,7,7,1.1223782300949097
1ENH,54,constrained,7,7,1.2146177291870117
1ENH,54,constrained,7,7,1.1611472368240356
1ENH,54,constrained,7,7,1.092965841293335
1ENH,54,constrained,9,9,1.0882835388183594
1ENH,54,constrained,9,9,1.266452431678772
1ENH,54,constrained,9,9,1.1165765523910522
1ENH,54,constrained,9,9,1.2017935514450073
1ENH,54,constrained,9,9,1.0560312271118164
1ENH,54,constrained,9,9,1.2037749290466309
1ENH,54,constrained,9,9,1.0674093961715698
1ENH,54,constrained,9,9,1.1750253438949585
1ENH,54,constrained,9,9,1.1971840858459473
1ENH,54,constrained,9,9,1.3334627151489258
1ENH,54,constrained,9,9,1.1083577871322632
1ENH,54,constrained,9,9,1.0576703548431396
1ENH,54,constrained,9,9,1.1324303150177002
1ENH,54,constrained,9,9,1.5312557220458984
1ENH,54,constrained,9,9,1.1546152830123901
1ENH,54,constrained,9,9,1.2573635578155518
1ENH,54,constrained,9,9,1.1099172830581665
1ENH,54,constrained,9,9,1.2386277914047241
1ENH,54,constrained,9,9,1.1959751844406128
1ENH,54,constrained,9,9,1.1509267091751099
1ENH,54,constrained,9,9,1.0668493509292603
1ENH,54,constrained,9,9,1.176470160484314
1ENH,54,constrained,9,9,1.0879474878311157
1ENH,54,constrained,9,9,1.2053163051605225
1ENH,54,constrained,9,9,1.1381783485412598
1ENH,54,constrained,9,9,1.4569867849349976
1ENH,54,constrained,9,9,1.1212971210479736
1ENH,54,constrained,9,9,1.0588303804397583
1ENH,54,constrained,9,9,1.1437515020370483
1ENH,54,constrained,9,9,1.2225944995880127
1ENH,54,constrained,9,9,1.1896405220031738
1ENH,54,constrained,9,9,1.2970083951950073
1ENH,54,constrained,13,13,1.0660454034805298
1ENH,54,constrained,13,13,1.5900890827178955
1ENH,54,constrained,13,13,1.356848955154419
1ENH,54,constrained,13,13,1.2282601594924927
1ENH,54,constrained,13,13,1.2011579275131226
1ENH,54,constrained,13,13,1.6032737493515015
1ENH,54,constrained,13,13,1.15751314163208
1ENH,54,constrained,13,13,1.1638017892837524
1ENH,54,constrained,13,13,1.2035589218139648
1ENH,54,constrained,13,13,1.2582452297210693
1ENH,54,constrained,13,13,1.3983664512634277
1ENH,54,constrained,13,13,1.0944690704345703
1ENH,54,constrained,13,13,1.2459970712661743
1ENH,54,constrained,13,13,1.629774570465088
1ENH,54,constrained,13,13,1.4565238952636719
1ENH,54,constrained,13,13,1.254197359085083
1ENH,54,constrained,13,13,1.108178973197937
1ENH,54,constrained,13,13,1.1512778997421265
1ENH,54,constrained,13,13,1.1614511013031006
1ENH,54,constrained,13,13,1.1389844417572021
1ENH,54,constrained,13,13,1.1689133644104004
1ENH,54,constrained,13,13,1.2094792127609253
1ENH,54,constrained,13,13,1.1051371097564697
1ENH,54,constrained,13,13,1.160535454750061
1ENH,54,constrained,13,13,1.20989191532135
1ENH,54,constrained,13,13,1.3563241958618164
1ENH,54,constrained,13,13,1.5656532049179077
1ENH,54,constrained,13,13,1.079459547996521
1ENH,54,constrained,13,13,1.0917147397994995
1ENH,54,constrained,13,13,1.1141531467437744
1ENH,54,constrained,13,13,1.6609368324279785
1ENH,54,constrained,13,13,1.4742692708969116
1BRS,108,unconstrained,,4,0.7246784567832947
1BRS,108,unconstrained,,3,0.6897085309028625
1BRS,108,unconstrained,,3,0.6689348816871643
1BRS,108,unconstrained,,1,0.7261933088302612
1BRS,108,unconstrained,,2,0.6864413022994995
1BRS,108,unconstrained,,-2,0.7139584422111511
1BRS,108,unconstrained,,3,0.7158015966415405
1BRS,108,unconstrained,,1,0.696201741695404
1BRS,108,unconstrained,,2,0.720748782157898
1BRS,108,unconstrained,,5,0.7018653154373169
1BRS,108,unconstrained,,3,0.7227004170417786
1BRS,108,unconstrained,,9,0.6925761103630066
1BRS,108,unconstrained,,4,0.6930544972419739
1BRS,108,unconstrained,,1,0.6464361548423767
1BRS,108,unconstrained,,3,0.6824771761894226
1BRS,108,unconstrained,,3,0.6735572814941406
1BRS,108,unconstrained,,4,0.7042396068572998
1BRS,108,unconstrained,,4,0.691321849822998
1BRS,108,unconstrained,,2,0.6699967384338379
1BRS,108,unconstrained,,4,0.6886076331138611
1BRS,108,unconstrained,,1,0.7047423124313354
1BRS,108,unconstrained,,4,0.7099213600158691
1BRS,108,unconstrained,,1,0.700499951839447
1BRS,108,unconstrained,,6,0.6670392155647278
1BRS,108,unconstrained,,6,0.694922149181366
1BRS,108,unconstrained,,2,0.7438857555389404
1BRS,108,unconstrained,,6,0.6841402649879456
1BRS,108,unconstrained,,3,0.6681910157203674
1BRS,108,unconstrained,,2,0.7233536243438721
1BRS,108,unconstrained,,8,0.6743377447128296
1BRS,108,unconstrained,,2,0.6622608304023743
1BRS,108,unconstrained,,7,0.663641631603241
1BRS,108,unconstrained,,2,0.6806861162185669
1BRS,108,unconstrained,,4,0.7120543122291565
1BRS,108,unconstrained,,2,0.7190018892288208
1BRS,108,unconstrained,,0,0.690717339515686
1BRS,108,unconstrained,,2,0.7314350008964539
1BRS,108,unconstrained,,2,0.7056251764297485
1BRS,108,unconstrained,,1,0.7082819938659668
1BRS,108,unconstrained,,3,0.6606664061546326
1BRS,108,unconstrained,,2,0.7205571532249451
1BRS,108,unconstrained,,4,0.7009690403938293
1BRS,108,unconstrained,,1,0.7147790193557739
1BRS,108,unconstrained,,2,0.6874511241912842
1BRS,108,unconstrained,,4,0.7380058765411377
1BRS,108,unconstrained,,4,0.664989173412323
1BRS,108,unconstrained,,4,0.7084333896636963
1BRS,108,unconstrained,,2,0.6784152388572693
1BRS,108,unconstrained,,2,0.7302286624908447
1BRS,108,unconstrained,,1,0.6957387328147888
1BRS,108,unconstrained,,2,0.6773166060447693
1BRS,108,unconstrained,,7,0.7076155543327332
1BRS,108,unconstrained,,-2,0.6711884140968323
1BRS,108,unconstrained,,2,0.7095043063163757
1BRS,108,unconstrained,,6,0.7309625744819641
1BRS,108,unconstrained,,4,0.7381423711776733
1BRS,108,unconstrained,,5,0.7233474254608154
1BRS,108,unconstrained,,7,0.7073197364807129
1BRS,108,unconstrained,,1,0.6855006814002991
1BRS,108,unconstrained,,0,0.7085639238357544
1BRS,108,unconstrained,,3,0.7046851515769958
1BRS,108,unconstrained,,5,0.6805697083473206
1BRS,108,unconstrained,,4,0.6994578838348389
1BRS,108,unconstrained,,2,0.7132217884063721
1BRS,108,unconstrained,,3,0.7021477222442627
1BRS,108,unconstrained,,2,0.7174186110496521
1BRS,108,unconstrained,,6,0.6972477436065674
1BRS,108,unconstrained,,4,0.6967899799346924
1BRS,108,unconstrained,,0,0.7062431573867798
1BRS,108,unconstrained,,4,0.6949766874313354
1BRS,108,unconstrained,,4,0.6623482704162598
1BRS,108,unconstrained,,3,0.7094879746437073
1BRS,108,unconstrained,,-1,0.71158367395401
1BRS,108,unconstrained,,2,0.6708064675331116
1BRS,108,unconstrained,,2,0.7243527173995972
1BRS,108,unconstrained,,2,0.738856852054596
1BRS,108,unconstrained,,0,0.7126888632774353
1BRS,108,unconstrained,,0,0.6654305458068848
1BRS,108,unconstrained,,3,0.6889102458953857
1BRS,108,unconstrained,,3,0.677941083908081
1BRS,108,unconstrained,,2,0.679946780204773
1BRS,108,unconstrained,,3,0.7353371381759644
1BRS,108,unconstrained,,0,0.672579288482666
1BRS,108,unconstrained,,3,0.737383246421814
1BRS,108,unconstrained,,3,0.7217667698860168
1BRS,108,unconstrained,,3,0.6814022660255432
1BRS,108,unconstrained,,2,0.677579402923584
1BRS,108,unconstrained,,-1,0.7100010514259338
1BRS,108,unconstrained,,4,0.6636386513710022
1BRS,108,unconstrained,,2,0.6819106936454773
1BRS,108,unconstrained,,7,0.6971377730369568
1BRS,108,unconstrained,,4,0.6931127905845642
1BRS,108,unconstrained,,0,0.687434732913971
1BRS,108,unconstrained,,0,0.7004126310348511
1BRS,108,unconstrained,,2,0.6710161566734314
1BRS,108,unconstrained,,4,0.7075027227401733
1BRS,108,unconstrained,,3,0.6595615148544312
1BRS,108,unconstrained,,8,0.6928279995918274
1BRS,108,unconstrained,,3,0.6856282353401184
1BRS,108,unconstrained,,0,0.6641841530799866
1BRS,108,unconstrained,,3,0.6838858723640442
1BRS,108,unconstrained,,3,0.6830052733421326
1BRS,108,unconstrained,,1,0.6873326301574707
1BRS,108,unconstrained,,2,0.6707583069801331
1BRS,108,unconstrained,,5,0.6898596286773682
1BRS,108,unconstrained,,2,0.7185340523719788
1BRS,108,unconstrained,,5,0.7021446228027344
1BRS,108,unconstrained,,3,0.706214427947998
1BRS,108,unconstrained,,3,0.6939341425895691
1BRS,108,unconstrained,,0,0.7169727087020874
1BRS,108,unconstrained,,1,0.6469707489013672
1BRS,108,unconstrained,,6,0.740576982498169
1BRS,108,unconstrained,,2,0.6843864917755127
1BRS,108,unconstrained,,1,0.6976787447929382
1BRS,108,unconstrained,,4,0.6950834393501282
1BRS,108,unconstrained,,1,0.6976033449172974
1BRS,108,unconstrained,,2,0.6852900385856628
1BRS,108,unconstrained,,2,0.7083296775817871
1BRS,108,unconstrained,,4,0.6835806369781494
1BRS,108,unconstrained,,4,0.721027672290802
1BRS,108,unconstrained,,0,0.6726488471031189
1BRS,108,unconstrained,,0,0.6924166679382324
1BRS,108,unconstrained,,6,0.71623694896698
1BRS,108,unconstrained,,7,0.6723034977912903
1BRS,108,unconstrained,,4,0.697742760181427
1BRS,108,unconstrained,,6,0.6792296171188354
1BRS,108,unconstrained,,-2,0.7359281778335571
1BRS,108,unconstrained,,1,0.6789806485176086
1BRS,108,unconstrained,,5,0.6973686218261719
1BRS,108,unconstrained,,1,0.6983372569084167
1BRS,108,unconstrained,,2,0.6951229572296143
1BRS,108,unconstrained,,-1,0.70347660779953
1BRS,108,unconstrained,,1,0.7100436091423035
1BRS,108,unconstrained,,2,0.6737621426582336
1BRS,108,unconstrained,,4,0.6664579510688782
1BRS,108,unconstrained,,1,0.6875258088111877
1BRS,108,unconstrained,,5,0.7231358289718628
1BRS,108,unconstrained,,6,0.7146075367927551
1BRS,108,unconstrained,,-1,0.7277381420135498
1BRS,108,unconstrained,,0,0.708828866481781
1BRS,108,unconstrained,,2,0.6510812044143677
1BRS,108,unconstrained,,5,0.6714882254600525
1BRS,108,unconstrained,,5,0.7130330204963684
1BRS,108,unconstrained,,0,0.7167822122573853
1BRS,108,unconstrained,,3,0.6768138408660889
1BRS,108,unconstrained,,-1,0.6861971616744995
1BRS,108,unconstrained,,2,0.7422404885292053
1BRS,108,unconstrained,,2,0.6987122297286987
1BRS,108,unconstrained,,6,0.7142007946968079
1BRS,108,unconstrained,,1,0.6803913712501526
1BRS,108,unconstrained,,0,0.6822302937507629
1BRS,108,unconstrained,,3,0.7018665075302124
1BRS,108,unconstrained,,3,0.7338614463806152
1BRS,108,unconstrained,,4,0.6996809244155884
1BRS,108,unconstrained,,2,0.6720321774482727
1BRS,108,unconstrained,,4,0.6955078840255737
1BRS,108,unconstrained,,3,0.7066189646720886
1BRS,108,unconstrained,,4,0.6300998330116272
1BRS,108,unconstrained,,3,0.6820681691169739
1BRS,108,unconstrained,,5,0.7111465930938721
1BRS,108,unconstrained,,5,0.7069162726402283
1BRS,108,unconstrained,,1,0.7249501347541809
1BRS,108,unconstrained,,1,0.6831870079040527
1BRS,108,unconstrained,,5,0.6999915838241577
1BRS,108,unconstrained,,4,0.6843243837356567
1BRS,108,unconstrained,,6,0.6944892406463623
1BRS,108,unconstrained,,0,0.6860523223876953
1BRS,108,unconstrained,,5,0.6804531216621399
1BRS,108,unconstrained,,1,0.709051787853241
1BRS,108,unconstrained,,4,0.6962946057319641
1BRS,108,unconstrained,,2,0.6955441832542419
1BRS,108,unconstrained,,1,0.6799025535583496
1BRS,108,unconstrained,,1,0.7005427479743958
1BRS,108,unconstrained,,4,0.7477775812149048
1BRS,108,unconstrained,,1,0.655764102935791
1BRS,108,unconstrained,,4,0.6930259466171265
1BRS,108,unconstrained,,2,0.692336916923523
1BRS,108,unconstrained,,4,0.6782517433166504
1BRS,108,unconstrained,,4,0.7024714946746826
1BRS,108,unconstrained,,2,0.6910353899002075
1BRS,108,unconstrained,,4,0.7120856046676636
1BRS,108,unconstrained,,2,0.7228262424468994
1BRS,108,unconstrained,,3,0.6991518139839172
1BRS,108,unconstrained,,3,0.7024717926979065
1BRS,108,unconstrained,,5,0.6925780773162842
1BRS,108,unconstrained,,2,0.7294847965240479
1BRS,108,unconstrained,,5,0.6727314591407776
1BRS,108,unconstrained,,4,0.6338856220245361
1BRS,108,unconstrained,,4,0.6690854430198669
1BRS,108,unconstrained,,4,0.7071250081062317
1BRS,108,unconstrained,,1,0.6737064123153687
1BRS,108,unconstrained,,3,0.6998213529586792
1BRS,108,unconstrained,,2,0.6786181926727295
1BRS,108,unconstrained,,2,0.6412227749824524
1BRS,108,unconstrained,,4,0.6928536295890808
1BRS,108,unconstrained,,2,0.6902454495429993
1BRS,108,unconstrained,,1,0.6878902912139893
1BRS,108,unconstrained,,3,0.7157309651374817
1BRS,108,unconstrained,,5,0.7211243510246277
1BRS,108,unconstrained,,-1,0.6865856051445007
1BRS,108,unconstrained,,2,0.708177924156189
1BRS,108,unconstrained,,3,0.6901070475578308
1BRS,108,unconstrained,,2,0.7316309809684753
1BRS,108,unconstrained,,1,0.7053982615470886
1BRS,108,unconstrained,,0,0.6918582320213318
1BRS,108,unconstrained,,2,0.6858291625976562
1BRS,108,unconstrained,,4,0.6914981007575989
1BRS,108,unconstrained,,-1,0.6918564438819885
1BRS,108,unconstrained,,4,0.7078025937080383
1BRS,108,unconstrained,,3,0.7085304856300354
1BRS,108,unconstrained,,4,0.7204322814941406
1BRS,108,unconstrained,,-1,0.6640329957008362
1BRS,108,unconstrained,,6,0.7172405123710632
1BRS,108,unconstrained,,3,0.7129505276679993
1BRS,108,unconstrained,,9,0.705714762210846
1BRS,108,unconstrained,,3,0.6834206581115723
1BRS,108,unconstrained,,0,0.6712124347686768
1BRS,108,unconstrained,,8,0.7136453986167908
1BRS,108,unconstrained,,1,0.6865360736846924
1BRS,108,unconstrained,,2,0.6789106726646423
1BRS,108,unconstrained,,1,0.6704635620117188
1BRS,108,unconstrained,,2,0.7113192677497864
1BRS,108,unconstrained,,3,0.7256168723106384
1BRS,108,unconstrained,,2,0.7168340086936951
1BRS,108,unconstrained,,2,0.6855167746543884
1BRS,108,unconstrained,,2,0.7169106006622314
1BRS,108,unconstrained,,2,0.714551568031311
1BRS,108,unconstrained,,1,0.683739423751831
1BRS,108,unconstrained,,-3,0.6834890842437744
1BRS,108,unconstrained,,5,0.7115811109542847
1BRS,108,unconstrained,,1,0.6943719983100891
1BRS,108,unconstrained,,2,0.7217152118682861
1BRS,108,unconstrained,,1,0.6493531465530396
1BRS,108,unconstrained,,3,0.7038131356239319
1BRS,108,unconstrained,,4,0.6965510249137878
1BRS,108,unconstrained,,1,0.6784508228302002
1BRS,108,unconstrained,,0,0.6932302713394165
1BRS,108,unconstrained,,8,0.7329732179641724
1BRS,108,unconstrained,,2,0.6988628506660461
1BRS,108,unconstrained,,2,0.7369285821914673
1BRS,108,unconstrained,,2,0.7189090847969055
1BRS,108,unconstrained,,3,0.6988070607185364
1BRS,108,unconstrained,,-1,0.6670604348182678
1BRS,108,unconstrained,,5,0.6969693303108215
1BRS,108,unconstrained,,-2,0.6810680627822876
1BRS,108,unconstrained,,1,0.655061662197113
1BRS,108,unconstrained,,1,0.6972321271896362
1BRS,108,unconstrained,,3,0.7125040292739868
1BRS,108,unconstrained,,4,0.7308298945426941
1BRS,108,unconstrained,,-1,0.7046889066696167
1BRS,108,unconstrained,,1,0.6763001680374146
1BRS,108,unconstrained,,-2,0.6848276853561401
1BRS,108,unconstrained,,8,0.6943421363830566
1BRS,108,unconstrained,,1,0.6692172288894653
1BRS,108,unconstrained,,2,0.7086448669433594
1BRS,108,unconstrained,,3,0.6874362230300903
1BRS,108,unconstrained,,10,0.7130964398384094
1BRS,108,unconstrained,,4,0.7002032399177551
1BRS,108,unconstrained,,1,0.7015239596366882
1BRS,108,unconstrained,,1,0.6677611470222473
1BRS,108,unconstrained,,1,0.6898576021194458
1BRS,108,unconstrained,,2,0.6735420823097229
1BRS,108,unconstrained,,4,0.7238832712173462
1BRS,108,unconstrained,,-2,0.6660764813423157
1BRS,108,unconstrained,,2,0.6747713685035706
1BRS,108,unconstrained,,2,0.6884821653366089
1BRS,108,unconstrained,,1,0.7147571444511414
1BRS,108,unconstrained,,3,0.7046275734901428
1BRS,108,unconstrained,,2,0.7222843766212463
1BRS,108,unconstrained,,5,0.7051230669021606
1BRS,108,unconstrained,,4,0.6943161487579346
1BRS,108,unconstrained,,6,0.7026627063751221
1BRS,108,unconstrained,,5,0.6486195921897888
1BRS,108,unconstrained,,3,0.7125056385993958
1BRS,108,unconstrained,,4,0.6858692765235901
1BRS,108,unconstrained,,2,0.6988809704780579
1BRS,108,unconstrained,,5,0.7135719060897827
1BRS,108,unconstrained,,2,0.6883525252342224
1BRS,108,unconstrained,,4,0.6642080545425415
1BRS,108,unconstrained,,-4,0.6699492335319519
1BRS,108,unconstrained,,3,0.6930232048034668
1BRS,108,unconstrained,,2,0.6706161499023438
1BRS,108,unconstrained,,8,0.7039129734039307
1BRS,108,unconstrained,,0,0.7012149691581726
1BRS,108,unconstrained,,4,0.7027528882026672
1BRS,108,unconstrained,,5,0.7004267573356628
1BRS,108,unconstrained,,3,0.725670576095581
1BRS,108,unconstrained,,3,0.7028931379318237
1BRS,108,unconstrained,,4,0.6532588601112366
1BRS,108,unconstrained,,5,0.7089511752128601
1BRS,108,unconstrained,,4,0.6760964393615723
1BRS,108,unconstrained,,2,0.6962405443191528
1BRS,108,unconstrained,,1,0.6782231330871582
1BRS,108,unconstrained,,4,0.7249259948730469
1BRS,108,unconstrained,,-1,0.6720944046974182
1BRS,108,unconstrained,,2,0.682292640209198
1BRS,108,unconstrained,,4,0.6780991554260254
1BRS,108,unconstrained,,1,0.721869707107544
1BRS,108,unconstrained,,6,0.7099401950836182
1BRS,108,unconstrained,,8,0.6944838762283325
1BRS,108,unconstrained,,1,0.6924809813499451
1BRS,108,unconstrained,,2,0.6671344637870789
1BRS,108,unconstrained,,2,0.6922126412391663
1BRS,108,unconstrained,,2,0.6966326236724854
1BRS,108,unconstrained,,1,0.7427431344985962
1BRS,108,unconstrained,,4,0.6752521395683289
1BRS,108,unconstrained,,1,0.7104387879371643
1BRS,108,unconstrained,,1,0.6863281726837158
1BRS,108,unconstrained,,4,0.7152013182640076
1BRS,108,unconstrained,,10,0.6693286895751953
1BRS,108,unconstrained,,0,0.6560776233673096
1BRS,108,unconstrained,,6,0.7017031311988831
1BRS,108,unconstrained,,1,0.6756455302238464
1BRS,108,unconstrained,,2,0.6619762778282166
1BRS,108,unconstrained,,0,0.6898475885391235
1BRS,108,unconstrained,,3,0.7184315919876099
1BRS,108,unconstrained,,0,0.7098711133003235
1BRS,108,unconstrained,,5,0.6873228549957275
1BRS,108,unconstrained,,2,0.6931143999099731
1BRS,108,unconstrained,,5,0.6745840311050415
1BRS,108,unconstrained,,6,0.6690128445625305
1BRS,108,unconstrained,,5,0.6990577578544617
1BRS,108,unconstrained,,7,0.72855144739151
1BRS,108,unconstrained,,2,0.6821526288986206
1BRS,108,unconstrained,,3,0.718680202960968
1BRS,108,unconstrained,,1,0.7006186246871948
1BRS,108,unconstrained,,2,0.6895318031311035
1BRS,108,unconstrained,,3,0.6701229810714722
1BRS,108,unconstrained,,5,0.6903975605964661
1BRS,108,unconstrained,,5,0.724808931350708
1BRS,108,unconstrained,,5,0.6306968927383423
1BRS,108,unconstrained,,1,0.7039717435836792
1BRS,108,unconstrained,,1,0.7276949882507324
1BRS,108,unconstrained,,2,0.6411113142967224
1BRS,108,unconstrained,,3,0.6949437260627747
1BRS,108,unconstrained,,5,0.7201335430145264
1BRS,108,unconstrained,,6,0.6723491549491882
1BRS,108,unconstrained,,2,0.6840737462043762
1BRS,108,unconstrained,,3,0.6755493879318237
1BRS,108,unconstrained,,4,0.6812981963157654
1BRS,108,unconstrained,,1,0.6884564757347107
1BRS,108,unconstrained,,1,0.7082024812698364
1BRS,108,unconstrained,,0,0.6966258883476257
1BRS,108,unconstrained,,3,0.6754382252693176
1BRS,108,unconstrained,,5,0.6807026267051697
1BRS,108,unconstrained,,3,0.7026863098144531
1BRS,108,unconstrained,,4,0.6955044269561768
1BRS,108,unconstrained,,-1,0.7239448428153992
1BRS,108,unconstrained,,1,0.6897757649421692
1BRS,108,unconstrained,,0,0.6695383787155151
1BRS,108,unconstrained,,7,0.7037688493728638
1BRS,108,unconstrained,,-1,0.6754671931266785
1BRS,108,unconstrained,,3,0.6797400116920471
1BRS,108,unconstrained,,0,0.731353759765625
1BRS,108,unconstrained,,7,0.7155556678771973
1BRS,108,unconstrained,,7,0.7041459083557129
1BRS,108,unconstrained,,3,0.6828678250312805
1BRS,108,unconstrained,,-1,0.6744415760040283
1BRS,108,unconstrained,,2,0.6744117140769958
1BRS,108,unconstrained,,0,0.6845563054084778
1BRS,108,unconstrained,,6,0.6828504800796509
1BRS,108,unconstrained,,4,0.6488255262374878
1BRS,108,unconstrained,,1,0.6678787469863892
1BRS,108,unconstrained,,1,0.6700552701950073
1BRS,108,unconstrained,,3,0.7338206768035889
1BRS,108,unconstrained,,7,0.6672726273536682
1BRS,108,unconstrained,,2,0.6743953824043274
1BRS,108,unconstrained,,6,0.6782196760177612
1BRS,108,unconstrained,,0,0.674885630607605
1BRS,108,unconstrained,,3,0.662243127822876
1BRS,108,unconstrained,,1,0.6936989426612854
1BRS,108,unconstrained,,2,0.6841219067573547
1BRS,108,unconstrained,,2,0.699591875076294
1BRS,108,unconstrained,,-3,0.7082526683807373
1BRS,108,unconstrained,,1,0.6838868260383606
1BRS,108,unconstrained,,3,0.7178095579147339
1BRS,108,unconstrained,,4,0.6957064270973206
1BRS,108,unconstrained,,3,0.6974151134490967
1BRS,108,unconstrained,,6,0.6971787214279175
1BRS,108,unconstrained,,1,0.7133814692497253
1BRS,108,unconstrained,,4,0.6917097568511963
1BRS,108,unconstrained,,9,0.7320765852928162
1BRS,108,unconstrained,,1,0.7082552313804626
1BRS,108,unconstrained,,2,0.7012622356414795
1BRS,108,unconstrained,,4,0.6957034468650818
1BRS,108,unconstrained,,6,0.6826871037483215
1BRS,108,unconstrained,,1,0.6921546459197998
1BRS,108,unconstrained,,4,0.6893805265426636
1BRS,108,unconstrained,,5,0.6876325011253357
1BRS,108,unconstrained,,2,0.675682544708252
1BRS,108,unconstrained,,7,0.6663990616798401
1BRS,108,unconstrained,,1,0.6904869675636292
1BRS,108,unconstrained,,5,0.6881667971611023
1BRS,108,unconstrained,,2,0.700028121471405
1BRS,108,unconstrained,,1,0.6820865273475647
1BRS,108,unconstrained,,4,0.6855553984642029
1BRS,108,unconstrained,,4,0.7009497880935669
1BRS,108,unconstrained,,5,0.6914797425270081
1BRS,108,unconstrained,,0,0.7236617803573608
1BRS,108,unconstrained,,2,0.7074074149131775
1BRS,108,unconstrained,,3,0.7338925004005432
1BRS,108,unconstrained,,4,0.7152465581893921
1BRS,108,unconstrained,,3,0.6834705471992493
1BRS,108,unconstrained,,2,0.7096983194351196
1BRS,108,unconstrained,,6,0.7246808409690857
1BRS,108,unconstrained,,0,0.6868329048156738
1BRS,108,unconstrained,,3,0.6777290105819702
1BRS,108,unconstrained,,2,0.6839287281036377
1BRS,108,unconstrained,,0,0.7027419805526733
1BRS,108,unconstrained,,4,0.6787339448928833
1BRS,108,unconstrained,,6,0.7085806131362915
1BRS,108,unconstrained,,2,0.6895540356636047
1BRS,108,unconstrained,,2,0.6870313882827759
1BRS,108,unconstrained,,8,0.6886668801307678
1BRS,108,unconstrained,,2,0.6775694489479065
1BRS,108,unconstrained,,-1,0.6932295560836792
1BRS,108,unconstrained,,0,0.6955885887145996
1BRS,108,unconstrained,,4,0.7360818982124329
1BRS,108,unconstrained,,4,0.6891049146652222
1BRS,108,unconstrained,,8,0.712444007396698
1BRS,108,unconstrained,,0,0.7039936184883118
1BRS,108,unconstrained,,3,0.7278702259063721
1BRS,108,unconstrained,,1,0.674685537815094
1BRS,108,unconstrained,,2,0.6729046702384949
1BRS,108,unconstrained,,2,0.6881702542304993
1BRS,108,unconstrained,,0,0.706544816493988
1BRS,108,unconstrained,,2,0.6805748343467712
1BRS,108,unconstrained,,3,0.7215202450752258
1BRS,108,unconstrained,,1,0.7275885343551636
1BRS,108,unconstrained,,2,0.7062408924102783
1BRS,108,unconstrained,,0,0.7350636720657349
1BRS,108,unconstrained,,5,0.6817857027053833
1BRS,108,unconstrained,,5,0.7367072105407715
1BRS,108,unconstrained,,7,0.7048068642616272
1BRS,108,unconstrained,,3,0.6813028454780579
1BRS,108,unconstrained,,7,0.721922755241394
1BRS,108,unconstrained,,-2,0.6541585326194763
1BRS,108,unconstrained,,3,0.681871235370636
1BRS,108,unconstrained,,-1,0.6891972422599792
1BRS,108,unconstrained,,4,0.7248492240905762
1BRS,108,unconstrained,,2,0.7171608209609985
1BRS,108,unconstrained,,1,0.7372453808784485
1BRS,108,unconstrained,,5,0.6855501532554626
1BRS,108,unconstrained,,3,0.6943193674087524
1BRS,108,unconstrained,,3,0.6965683698654175
1BRS,108,unconstrained,,3,0.7270939350128174
1BRS,108,unconstrained,,2,0.7238556146621704
1BRS,108,unconstrained,,1,0.6856863498687744
1BRS,108,unconstrained,,3,0.7037166953086853
1BRS,108,unconstrained,,2,0.6912659406661987
1BRS,108,unconstrained,,2,0.6814648509025574
1BRS,108,unconstrained,,4,0.704238772392273
1BRS,108,unconstrained,,2,0.6747589111328125
1BRS,108,unconstrained,,1,0.662095844745636
1BRS,108,unconstrained,,1,0.6935862898826599
1BRS,108,unconstrained,,3,0.7009936571121216
1BRS,108,unconstrained,,0,0.6647276282310486
1BRS,108,unconstrained,,6,0.6828556656837463
1BRS,108,unconstrained,,3,0.6757289171218872
1BRS,108,unconstrained,,3,0.6871537566184998
1BRS,108,unconstrained,,5,0.6702204346656799
1BRS,108,unconstrained,,2,0.6861405372619629
1BRS,108,unconstrained,,3,0.7058991193771362
1BRS,108,unconstrained,,3,0.695189356803894
1BRS,108,unconstrained,,0,0.6970579624176025
1BRS,108,unconstrained,,4,0.673140823841095
1BRS,108,unconstrained,,2,0.6600291728973389
1BRS,108,unconstrained,,2,0.682076632976532
1BRS,108,unconstrained,,3,0.6750586032867432
1BRS,108,unconstrained,,3,0.7153026461601257
1BRS,108,unconstrained,,2,0.7019233107566833
1BRS,108,unconstrained,,5,0.6988787055015564
1BRS,108,unconstrained,,6,0.7016101479530334
1BRS,108,unconstrained,,3,0.7408289313316345
1BRS,108,unconstrained,,4,0.7252930402755737
1BRS,108,unconstrained,,3,0.6858872175216675
1BRS,108,unconstrained,,5,0.7341393828392029
1BRS,108,unconstrained,,5,0.6870771646499634
1BRS,108,unconstrained,,4,0.6625151634216309
1BRS,108,unconstrained,,1,0.6845169067382812
1BRS,108,unconstrained,,6,0.6874789595603943
1BRS,108,unconstrained,,1,0.694625973701477
1BRS,108,unconstrained,,2,0.7160525918006897
1BRS,108,unconstrained,,4,0.6823407411575317
1BRS,108,unconstrained,,7,0.7069460153579712
1BRS,108,unconstrained,,1,0.7112711668014526
1BRS,108,unconstrained,,2,0.6701944470405579
1BRS,108,unconstrained,,-2,0.7182323336601257
1BRS,108,unconstrained,,3,0.682725727558136
1BRS,108,unconstrained,,3,0.724705159664154
1BRS,108,unconstrained,,0,0.6843022704124451
1BRS,108,unconstrained,,1,0.6795781254768372
1BRS,108,unconstrained,,4,0.7109407782554626
1BRS,108,unconstrained,,4,0.7212938666343689
1BRS,108,unconstrained,,2,0.6635442972183228
1BRS,108,unconstrained,,3,0.6598392128944397
1BRS,108,unconstrained,,2,0.678844690322876
1BRS,108,unconstrained,,1,0.6889008283615112
1BRS,108,unconstrained,,0,0.6841169595718384
1BRS,108,unconstrained,,4,0.6697674989700317
1BRS,108,unconstrained,,4,0.7380659580230713
1BRS,108,unconstrained,,6,0.6734718084335327
1BRS,108,unconstrained,,0,0.7126439213752747
1BRS,108,unconstrained,,1,0.6993769407272339
1BRS,108,unconstrained,,2,0.6730970740318298
1BRS,108,unconstrained,,2,0.6951239109039307
1BRS,108,unconstrained,,5,0.7123250365257263
1BRS,108,unconstrained,,-1,0.761978030204773
1BRS,108,unconstrained,,2,0.6863823533058167
1BRS,108,unconstrained,,3,0.6838932633399963
1BRS,108,unconstrained,,1,0.6663513779640198
1BRS,108,unconstrained,,1,0.6981924176216125
1BRS,108,constrained,-9,-9,0.8830030560493469
1BRS,108,constrained,-9,-9,0.7946867942810059
1BRS,108,constrained,-9,-9,1.0155975818634033
1BRS,108,constrained,-9,-9,0.8513495326042175
1BRS,108,constrained,-9,-9,0.9175573587417603
1BRS,108,constrained,-9,-9,0.8004431128501892
1BRS,108,constrained,-9,-9,0.9647756814956665
1BRS,108,constrained,-9,-9,0.9022092819213867
1BRS,108,constrained,-9,-9,0.8299694657325745
1BRS,108,constrained,-9,-9,0.9987456798553467
1BRS,108,constrained,-9,-9,0.8824050426483154
1BRS,108,constrained,-9,-9,1.3156540393829346
1BRS,108,constrained,-9,-9,0.918333113193512
1BRS,108,constrained,-9,-9,0.8692652583122253
1BRS,108,constrained,-9,-9,1.084628701210022
1BRS,108,constrained,-9,-9,1.011244297027588
1BRS,108,constrained,-9,-9,0.9220080971717834
1BRS,108,constrained,-9,-9,0.9624041318893433
1BRS,108,constrained,-9,-9,0.9500126242637634
1BRS,108,constrained,-9,-9,1.0187456607818604
1BRS,108,constrained,-9,-9,0.8967978954315186
1BRS,108,constrained,-9,-9,0.9531933665275574
1BRS,108,constrained,-9,-9,0.9699352383613586
1BRS,108,constrained,-9,-9,1.0374032258987427
1BRS,108,constrained,-9,-9,0.8477818369865417
1BRS,108,constrained,-9,-9,0.8442431092262268
1BRS,108,constrained,-9,-9,1.0008511543273926
1BRS,108,constrained,-9,-9,0.9933177828788757
1BRS,108,constrained,-9,-9,1.0528602600097656
1BRS,108,constrained,-9,-9,1.0926549434661865
1BRS,108,constrained,-9,-9,0.9136447310447693
1BRS,108,constrained,-9,-9,0.9193684458732605
1BRS,108,constrained,-5,-5,0.8060213923454285
1BRS,108,constrained,-5,-5,0.7005243897438049
1BRS,108,constrained,-5,-5,0.7493056058883667
1BRS,108,constrained,-5,-5,0.822466254234314
1BRS,108,constrained,-5,-5,0.7372162938117981
1BRS,108,constrained,-5,-5,0.7119797468185425
1BRS,108,constrained,-5,-5,0.7247434854507446
1BRS,108,constrained,-5,-5,0.7415505647659302
1BRS,108,constrained,-5,-5,0.7532032132148743
1BRS,108,constrained,-5,-5,0.8960075974464417
1BRS,108,constrained,-5,-5,0.758037269115448
1BRS,108,constrained,-5,-5,0.7051838636398315
1BRS,108,constrained,-5,-5,0.7451155185699463
1BRS,108,constrained,-5,-5,0.7218506336212158
1BRS,108,constrained,-5,-5,0.7128399014472961
1BRS,108,constrained,-5,-5,0.769249439239502
1BRS,108,constrained,-5,-5,0.7805391550064087
1BRS,108,constrained,-5,-5,0.7619762420654297
1BRS,108,constrained,-5,-5,0.8882121443748474
1BRS,108,constrained,-5,-5,0.9255484342575073
1BRS,108,constrained,-5,-5,0.748702883720398
1BRS,108,constrained,-5,-5,0.8428576588630676
1BRS,108,constrained,-5,-5,0.695341944694519
1BRS,108,constrained,-5,-5,0.758748471736908
1BRS,108,constrained,-5,-5,0.7328279614448547
1BRS,108,constrained,-5,-5,0.8267618417739868
1BRS,108,constrained,-5,-5,0.8032822012901306
1BRS,108,constrained,-5,-5,0.731917679309845
1BRS,108,constrained,-5,-5,0.9578040838241577
1BRS,108,constrained,-5,-5,0.8163725137710571
1BRS,108,constrained,-5,-5,0.7180655002593994
1BRS,108,constrained,-5,-5,0.8073716163635254
1BRS,108,constrained,-3,-3,0.7936354875564575
1BRS,108,constrained,-3,-3,0.7534858584403992
1BRS,108,constrained,-3,-3,0.709596574306488
1BRS,108,constrained,-3,-3,0.8067744374275208
1BRS,108,constrained,-3,-3,0.7216743230819702
1BRS,108,constrained,-3,-3,0.7043982744216919
1BRS,108,constrained,-3,-3,0.7250813841819763
1BRS,108,constrained,-3,-3,0.7452067732810974
1BRS,108,constrained,-3,-3,0.7766667008399963
1BRS,108,constrained,-3,-3,0.8512020707130432
1BRS,108,constrained,-3,-3,0.7401267290115356
1BRS,108,constrained,-3,-3,0.7104537487030029
1BRS,108,constrained,-3,-3,0.7246409058570862
1BRS,108,constrained,-3,-3,0.6702458262443542
1BRS,108,constrained,-3,-3,0.7056522965431213
1BRS,108,constrained,-3,-3,0.7104572653770447
1BRS,108,constrained,-3,-3,0.8179470896720886
1BRS,108,constrained,-3,-3,0.722832977771759
1BRS,108,constrained,-3,-3,0.8173370957374573
1BRS,108,constrained,-3,-3,0.8469966053962708
1BRS,108,constrained,-3,-3,0.7312811613082886
1BRS,108,constrained,-3,-3,0.8173946738243103
1BRS,108,constrained,-3,-3,0.7038187384605408
1BRS,108,constrained,-3,-3,0.7463851571083069
1BRS,108,constrained,-3,-3,0.7690722346305847
1BRS,108,constrained,-3,-3,0.7292048335075378
1BRS,108,constrained,-3,-3,0.7745559811592102
1BRS,108,constrained,-3,-3,0.724561333656311
1BRS,108,constrained,-3,-3,0.9129341840744019
1BRS,108,constrained,-3,-3,0.8100581765174866
1BRS,108,constrained,-3,-3,0.6774104237556458
1BRS,108,constrained,-3,-3,0.7843663096427917
1BRS,108,constrained,-1,-1,0.7418562769889832
1BRS,108,constrained,-1,-1,0.74383544921875
1BRS,108,constrained,-1,-1,0.7408244013786316
1BRS,108,constrained,-1,-1,0.7095659971237183
1BRS,108,constrained,-1,-1,0.7293278574943542
1BRS,108,constrained,-1,-1,0.7162176370620728
1BRS,108,constrained,-1,-1,0.7515959739685059
1BRS,108,constrained,-1,-1,0.7414881587028503
1BRS,108,constrained,-1,-1,0.7765204906463623
1BRS,108,constrained,-1,-1,0.7974727749824524
1BRS,108,constrained,-1,-1,0.7280676364898682
1BRS,108,constrained,-1,-1,0.7352651953697205
1BRS,108,constrained,-1,-1,0.7145386338233948
1BRS,108,constrained,-1,-1,0.6415079832077026
1BRS,108,constrained,-1,-1,0.7000207304954529
1BRS,108,constrained,-1,-1,0.709898054599762
1BRS,108,constrained,-1,-1,0.7733315229415894
1BRS,108,constrained,-1,-1,0.7232789397239685
1BRS,108,constrained,-1,-1,0.6935122609138489
1BRS,108,constrained,-1,-1,0.7532456517219543
1BRS,108,constrained,-1,-1,0.7083220481872559
1BRS,108,constrained,-1,-1,0.723736584186554
1BRS,108,constrained,-1,-1,0.7065670490264893
1BRS,108,constrained,-1,-1,0.7280269265174866
1BRS,108,constrained,-1,-1,0.7197784781455994
1BRS,108,constrained,-1,-1,0.8230525851249695
1BRS,108,constrained,-1,-1,0.7606236338615417
1BRS,108,constrained,-1,-1,0.6804171204566956
1BRS,108,constrained,-1,-1,0.7866210341453552
1BRS,108,constrained,-1,-1,0.7817606329917908
1BRS,108,constrained,-1,-1,0.6667445302009583
1BRS,108,constrained,-1,-1,0.7800904512405396
1BRS,108,constrained,1,1,0.767580509185791
1BRS,108,constrained,1,1,0.7553148865699768
1BRS,108,constrained,1,1,0.7273964881896973
1BRS,108,constrained,1,1,0.7150896191596985
1BRS,108,constrained,1,1,0.7252034544944763
1BRS,108,constrained,1,1,0.7565056085586548
1BRS,108,constrained,1,1,0.787132740020752
1BRS,108,constrained,1,1,0.7104151844978333
1BRS,108,constrained,1,1,0.7991947531700134
1BRS,108,constrained,1,1,0.8160625100135803
1BRS,108,constrained,1,1,0.727312445640564
1BRS,108,constrained,1,1,0.6858185529708862
1BRS,108,constrained,1,1,0.6751720309257507
1BRS,108,constrained,1,1,0.6470596790313721
1BRS,108,constrained,1,1,0.7129718065261841
1BRS,108,constrained,1,1,0.7049376964569092
1BRS,108,constrained,1,1,0.7319766283035278
1BRS,108,constrained,1,1,0.7297499179840088
1BRS,108,constrained,1,1,0.6948592066764832
1BRS,108,constrained,1,1,0.7594202160835266
1BRS,108,constrained,1,1,0.7100447416305542
1BRS,108,constrained,1,1,0.7683967351913452
1BRS,108,constrained,1,1,0.7055151462554932
1BRS,108,constrained,1,1,0.6778014898300171
1BRS,108,constrained,1,1,0.7329850196838379
1BRS,108,constrained,1,1,0.7496050000190735
1BRS,108,constrained,1,1,0.7593964338302612
1BRS,108,constrained,1,1,0.6870052218437195
1BRS,108,constrained,1,1,0.7816562056541443
1BRS,108,constrained,1,1,0.7990546822547913
1BRS,108,constrained,1,1,0.6646952629089355
1BRS,108,constrained,1,1,0.7784026861190796
1BRS,108,constrained,3,3,0.7766041159629822
1BRS,108,constrained,3,3,0.7459693551063538
1BRS,108,constrained,3,3,0.6940802335739136
1BRS,108,constrained,3,3,0.7700923681259155
1BRS,108,constrained,3,3,0.6851376891136169
1BRS,108,constrained,3,3,0.813081681728363
1BRS,108,constrained,3,3,0.8555254936218262
1BRS,108,constrained,3,3,0.7710674405097961
1BRS,108,constrained,3,3,0.8446193337440491
1BRS,108,constrained,3,3,0.7606163024902344
1BRS,108,constrained,3,3,0.7506255507469177
1BRS,108,constrained,3,3,0.7871619462966919
1BRS,108,constrained,3,3,0.6936337351799011
1BRS,108,constrained,3,3,0.6404601335525513
1BRS,108,constrained,3,3,0.800371527671814
1BRS,108,constrained,3,3,0.7299784421920776
1BRS,108,constrained,3,3,0.699123740196228
1BRS,108,constrained,3,3,0.7058655023574829
1BRS,108,constrained,3,3,0.7664181590080261
1BRS,108,constrained,3,3,0.7486584782600403
1BRS,108,constrained,3,3,0.7079682350158691
1BRS,108,constrained,3,3,0.7654972672462463
1BRS,108,constrained,3,3,0.7059792280197144
1BRS,108,constrained,3,3,0.6606869101524353
1BRS,108,constrained,3,3,0.7286484241485596
1BRS,108,constrained,3,3,0.7434527277946472
1BRS,108,constrained,3,3,0.7140446901321411
1BRS,108,constrained,3,3,0.7450404763221741
1BRS,108,constrained,3,3,0.7583232522010803
1BRS,108,constrained,3,3,0.7168940901756287
1BRS,108,constrained,3,3,0.6611655950546265
1BRS,108,constrained,3,3,0.817611038684845
1BRS,108,constrained,5,5,0.7810112237930298
1BRS,108,constrained,5,5,0.8205453157424927
1BRS,108,constrained,5,5,0.7877624034881592
1BRS,108,constrained,5,5,0.8497660756111145
1BRS,108,constrained,5,5,0.7055838108062744
1BRS,108,constrained,5,5,0.8206020593643188
1BRS,108,constrained,5,5,0.954210102558136
1BRS,108,constrained,5,5,0.8194646835327148
1BRS,108,constrained,5,5,0.8346889019012451
1BRS,108,constrained,5,5,0.7143873572349548
1BRS,108,constrained,5,5,0.7894137501716614
1BRS,108,constrained,5,5,0.7848153114318848
1BRS,108,constrained,5,5,0.7050607800483704
1BRS,108,constrained,5,5,0.7625923156738281
1BRS,108,constrained,5,5,0.8124070167541504
1BRS,108,constrained,5,5,0.733538031578064
1BRS,108,constrained,5,5,0.700626790523529
1BRS,108,constrained,5,5,0.7112534046173096
1BRS,108,constrained,5,5,0.7854247093200684
1BRS,108,constrained,5,5,0.7117676734924316
1BRS,108,constrained,5,5,0.716210663318634
1BRS,108,constrained,5,5,0.7567479014396667
1BRS,108,constrained,5,5,0.744227409362793
1BRS,108,constrained,5,5,0.7089047431945801
1BRS,108,constrained,5,5,0.7694159150123596
1BRS,108,constrained,5,5,0.7416585087776184
1BRS,108,constrained,5,5,0.7176607251167297
1BRS,108,constrained,5,5,0.7920669317245483
1BRS,108,constrained,5,5,0.7692504525184631
1BRS,108,constrained,5,5,0.7763950228691101
1BRS,108,constrained,5,5,0.6899576783180237
1BRS,108,constrained,5,5,0.8004204034805298
1BRS,108,constrained,7,7,0.7970501184463501
1BRS,108,constrained,7,7,0.8291395902633667
1BRS,108,constrained,7,7,0.739427924156189
1BRS,108,constrained,7,7,0.975492537021637
1BRS,108,constrained,7,7,0.7019245028495789
1BRS,108,constrained,7,7,0.8697142004966736
1BRS,108,constrained,7,7,0.9084484577178955
1BRS,108,constrained,7,7,0.8954271674156189
1BRS,108,constrained,7,7,0.8482800126075745
1BRS,108,constrained,7,7,0.7620555758476257
1BRS,108,constrained,7,7,0.8386907577514648
1BRS,108,constrained,7,7,0.7963328957557678
1BRS,108,constrained,7,7,0.7565775513648987
1BRS,108,constrained,7,7,0.7920684814453125
1BRS,108,constrained,7,7,0.8148461580276489
1BRS,108,constrained,7,7,0.8075790405273438
1BRS,108,constrained,7,7,0.778386652469635
1BRS,108,constrained,7,7,0.7088278532028198
1BRS,108,constrained,7,7,0.7825338840484619
1BRS,108,constrained,7,7,0.7587670087814331
1BRS,108,constrained,7,7,0.7415739297866821
1BRS,108,constrained,7,7,0.8181654214859009
1BRS,108,constrained,7,7,0.7461757063865662
1BRS,108,constrained,7,7,0.7605822086334229
1BRS,108,constrained,7,7,0.7170971035957336
1BRS,108,constrained,7,7,0.7802147269248962
1BRS,108,constrained,7,7,0.73204505443573
1BRS,108,constrained,7,7,0.8278893232345581
1BRS,108,constrained,7,7,0.8086684942245483
1BRS,108,constrained,7,7,0.6894035935401917
1BRS,108,constrained,7,7,0.8388786315917969
1BRS,108,constrained,7,7,0.8382017612457275
1BRS,108,constrained,9,9,0.8368189930915833
1BRS,108,constrained,9,9,0.7552852034568787
1BRS,108,constrained,9,9,0.8852953314781189
1BRS,108,constrained,9,9,0.9983612895011902
1BRS,108,constrained,9,9,0.7424302101135254
1BRS,108,constrained,9,9,0.7641322016716003
1BRS,108,constrained,9,9,0.8960259556770325
1BRS,108,constrained,9,9,0.9849364161491394
1BRS,108,constrained,9,9,0.8626612424850464
1BRS,108,constrained,9,9,0.8712419867515564
1BRS,108,constrained,9,9,0.9124004244804382
1BRS,108,constrained,9,9,0.8392017483711243
1BRS,108,constrained,9,9,0.8027197122573853
1BRS,108,constrained,9,9,0.895157516002655
1BRS,108,constrained,9,9,0.8133838772773743
1BRS,108,constrained,9,9,0.8171309232711792
1BRS,108,constrained,9,9,0.8326811790466309
1BRS,108,constrained,9,9,0.7057781219482422
1BRS,108,constrained,9,9,0.7893496751785278
1BRS,108,constrained,9,9,0.8591604232788086
1BRS,108,constrained,9,9,0.8730353713035583
1BRS,108,constrained,9,9,0.7772701382637024
1BRS,108,constrained,9,9,0.7481781244277954
1BRS,108,constrained,9,9,0.7675704956054688
1BRS,108,constrained,9,9,0.7836093306541443
1BRS,108,constrained,9,9,0.8254100680351257
1BRS,108,constrained,9,9,0.7838237881660461
1BRS,108,constrained,9,9,0.8300682306289673
1BRS,108,constrained,9,9,0.8670040965080261
1BRS,108,constrained,9,9,0.7038567662239075
1BRS,108,constrained,9,9,0.8457374572753906
1BRS,108,constrained,9,9,0.8562994599342346
1BRS,108,constrained,11,11,0.8857243657112122
1BRS,108,constrained,11,11,0.880181074142456
1BRS,108,constrained,11,11,0.9475357532501221
1BRS,108,constrained,11,11,1.0224539041519165
1BRS,108,constrained,11,11,0.7435111403465271
1BRS,108,constrained,11,11,0.8967194557189941
1BRS,108,constrained,11,11,0.8895105719566345
1BRS,108,constrained,11,11,1.050093650817871
1BRS,108,constrained,11,11,0.9216731786727905
1BRS,108,constrained,11,11,0.8865306973457336
1BRS,108,constrained,11,11,0.8917694091796875
1BRS,108,constrained,11,11,0.8740655183792114
1BRS,108,constrained,11,11,0.8234554529190063
1BRS,108,constrained,11,11,0.9127830266952515
1BRS,108,constrained,11,11,0.9158183336257935
1BRS,108,constrained,11,11,0.8676842451095581
1BRS,108,constrained,11,11,0.8766844272613525
1BRS,108,constrained,11,11,0.7535319328308105
1BRS,108,constrained,11,11,0.8836166262626648
1BRS,108,constrained,11,11,0.8307550549507141
1BRS,108,constrained,11,11,0.9727606773376465
1BRS,108,constrained,11,11,0.7511612176895142
1BRS,108,constrained,11,11,0.6972352266311646
1BRS,108,constrained,11,11,0.7987881302833557
1BRS,108,constrained,11,11,0.876196563243866
1BRS,108,constrained,11,11,0.9016987085342407
1BRS,108,constrained,11,11,0.8362055420875549
1BRS,108,constrained,11,11,0.9621888399124146
1BRS,108,constrained,11,11,1.0651497840881348
1BRS,108,constrained,11,11,0.7062768340110779
1BRS,108,constrained,11,11,0.9746618270874023
1BRS,108,constrained,11,11,0.8315210938453674
1BRS,108,constrained,15,15,1.0050228834152222
1BRS,108,constrained,15,15,0.9771245121955872
1BRS,108,constrained,15,15,0.9768702387809753
1BRS,108,constrained,15,15,1.1411880254745483
1BRS,108,constrained,15,15,0.9098113775253296
1BRS,108,constrained,15,15,1.0902254581451416
1BRS,108,constrained,15,15,0.968152642250061
1BRS,108,constrained,15,15,1.1083272695541382
1BRS,108,constrained,15,15,1.1359943151474
1BRS,108,constrained,15,15,0.9786984324455261
1BRS,108,constrained,15,15,0.96484375
1BRS,108,constrained,15,15,0.9198294878005981
1BRS,108,constrained,15,15,1.0222511291503906
1BRS,108,constrained,15,15,1.0567039251327515
1BRS,108,constrained,15,15,1.075818657875061
1BRS,108,constrained,15,15,1.0690884590148926
1BRS,108,constrained,15,15,0.9867228865623474
1BRS,108,constrained,15,15,1.0102591514587402
1BRS,108,constrained,15,15,1.00859534740448
1BRS,108,constrained,15,15,1.1091541051864624
1BRS,108,constrained,15,15,1.135973334312439
1BRS,108,constrained,15,15,1.0688451528549194
1BRS,108,constrained,15,15,1.027592658996582
1BRS,108,constrained,15,15,0.8910571336746216
1BRS,108,constrained,15,15,0.8778446316719055
1BRS,108,constrained,15,15,0.9873168468475342
1BRS,108,constrained,15,15,0.9815182089805603
1BRS,108,constrained,15,15,1.0322295427322388
1BRS,108,constrained,15,15,1.133508324623108
1BRS,108,constrained,15,15,0.9019583463668823
1BRS,108,constrained,15,15,1.0206974744796753
1BRS,108,constrained,15,15,0.8509917855262756
1AKE,214,unconstrained,,-1,0.8015541434288025
1AKE,214,unconstrained,,-1,0.7910895943641663
1AKE,214,unconstrained,,-4,0.7831211686134338
1AKE,214,unconstrained,,0,0.8093816637992859
1AKE,214,unconstrained,,-4,0.801529049873352
1AKE,214,unconstrained,,-2,0.7984362244606018
1AKE,214,unconstrained,,-3,0.8182040452957153
1AKE,214,unconstrained,,-7,0.8230127096176147
1AKE,214,unconstrained,,-8,0.7831899523735046
1AKE,214,unconstrained,,-4,0.8104119300842285
1AKE,214,unconstrained,,-9,0.8159269094467163
1AKE,214,unconstrained,,-9,0.796135663986206
1AKE,214,unconstrained,,-7,0.8010276556015015
1AKE,214,unconstrained,,-6,0.8073375821113586
1AKE,214,unconstrained,,0,0.7964136004447937
1AKE,214,unconstrained,,-6,0.8276830911636353
1AKE,214,unconstrained,,-1,0.8057938814163208
1AKE,214,unconstrained,,-9,0.8301087021827698
1AKE,214,unconstrained,,-3,0.7913008332252502
1AKE,214,unconstrained,,-9,0.8320081233978271
1AKE,214,unconstrained,,-7,0.8307932615280151
1AKE,214,unconstrained,,-9,0.8046894669532776
1AKE,214,unconstrained,,-2,0.8094673752784729
1AKE,214,unconstrained,,-5,0.8186025023460388
1AKE,214,unconstrained,,-8,0.8196725249290466
1AKE,214,unconstrained,,-9,0.794722855091095
1AKE,214,unconstrained,,-4,0.797025203704834
1AKE,214,unconstrained,,-2,0.7960609793663025
1AKE,214,unconstrained,,-9,0.8080954551696777
1AKE,214,unconstrained,,-9,0.8223926424980164
1AKE,214,unconstrained,,-10,0.8005362749099731
1AKE,214,unconstrained,,-3,0.8072167038917542
1AKE,214,unconstrained,,-3,0.8132286667823792
1AKE,214,unconstrained,,-2,0.8074901103973389
1AKE,214,unconstrained,,-3,0.8141927123069763
1AKE,214,unconstrained,,-6,0.8050247430801392
1AKE,214,unconstrained,,-7,0.7940510511398315
1AKE,214,unconstrained,,-9,0.8201137781143188
1AKE,214,unconstrained,,-3,0.7747918963432312
1AKE,214,unconstrained,,-2,0.8046379685401917
1AKE,214,unconstrained,,-6,0.800591766834259
1AKE,214,unconstrained,,-2,0.7826018333435059
1AKE,214,unconstrained,,-6,0.8011258840560913
1AKE,214,unconstrained,,-3,0.7978732585906982
1AKE,214,unconstrained,,-3,0.7827847599983215
1AKE,214,unconstrained,,-5,0.7916954159736633
1AKE,214,unconstrained,,-5,0.8092860579490662
1AKE,214,unconstrained,,0,0.7957496643066406
1AKE,214,unconstrained,,-4,0.8277178406715393
1AKE,214,unconstrained,,-7,0.8086168169975281
1AKE,214,unconstrained,,-6,0.8100504875183105
1AKE,214,unconstrained,,-7,0.8123152852058411
1AKE,214,unconstrained,,-6,0.8440025448799133
1AKE,214,unconstrained,,-5,0.8376118540763855
1AKE,214,unconstrained,,-8,0.8184731602668762
1AKE,214,unconstrained,,0,0.8033273220062256
1AKE,214,unconstrained,,-2,0.8041180968284607
1AKE,214,unconstrained,,-5,0.7992043495178223
1AKE,214,unconstrained,,-7,0.7923793196678162
1AKE,214,unconstrained,,-3,0.8186758160591125
1AKE,214,unconstrained,,-11,0.8109535574913025
1AKE,214,unconstrained,,0,0.8200275301933289
1AKE,214,unconstrained,,-6,0.800653874874115
1AKE,214,unconstrained,,-5,0.8230078816413879
1AKE,214,unconstrained,,-4,0.8317381739616394
1AKE,214,unconstrained,,-1,0.8324061632156372
1AKE,214,unconstrained,,1,0.790930449962616
1AKE,214,unconstrained,,-9,0.818798840045929
1AKE,214,unconstrained,,-3,0.8128380179405212
1AKE,214,unconstrained,,-6,0.8328605890274048
1AKE,214,unconstrained,,0,0.8257004022598267
1AKE,214,unconstrained,,-5,0.7952481508255005
1AKE,214,unconstrained,,-8,0.8376237750053406
1AKE,214,unconstrained,,-6,0.8055188059806824
1AKE,214,unconstrained,,-2,0.8243461847305298
1AKE,214,unconstrained,,-9,0.7989917993545532
1AKE,214,unconstrained,,-5,0.8009151816368103
1AKE,214,unconstrained,,-1,0.8046649694442749
1AKE,214,unconstrained,,-6,0.779033899307251
1AKE,214,unconstrained,,-7,0.8089832067489624
1AKE,214,unconstrained,,-10,0.8281537890434265
1AKE,214,unconstrained,,-9,0.8041834831237793
1AKE,214,unconstrained,,-4,0.8096307516098022
1AKE,214,unconstrained,,-10,0.8318748474121094
1AKE,214,unconstrained,,-1,0.8051108717918396
1AKE,214,unconstrained,,-6,0.8200017213821411
1AKE,214,unconstrained,,0,0.8008562326431274
1AKE,214,unconstrained,,1,0.7909364700317383
1AKE,214,unconstrained,,-2,0.7992962598800659
1AKE,214,unconstrained,,-9,0.8030567765235901
1AKE,214,unconstrained,,-7,0.7843664884567261
1AKE,214,unconstrained,,-7,0.798775851726532
1AKE,214,unconstrained,,-1,0.8140595555305481
1AKE,214,unconstrained,,-6,0.8215979933738708
1AKE,214,unconstrained,,-10,0.8177804350852966
1AKE,214,unconstrained,,-6,0.7943512201309204
1AKE,214,unconstrained,,-6,0.8149985671043396
1AKE,214,unconstrained,,-3,0.8069093823432922
1AKE,214,unconstrained,,-4,0.8372869491577148
1AKE,214,unconstrained,,-8,0.8233445286750793
1AKE,214,unconstrained,,-2,0.8077219128608704
1AKE,214,unconstrained,,-5,0.8093205094337463
1AKE,214,unconstrained,,-4,0.7744174003601074
1AKE,214,unconstrained,,-6,0.8263314366340637
1AKE,214,unconstrained,,5,0.818972110748291
1AKE,214,unconstrained,,-8,0.7960709929466248
1AKE,214,unconstrained,,-8,0.7980085015296936
1AKE,214,unconstrained,,-7,0.7850654721260071
1AKE,214,unconstrained,,-11,0.8078418970108032
1AKE,214,unconstrained,,-4,0.8111149668693542
1AKE,214,unconstrained,,-7,0.8096295595169067
1AKE,214,unconstrained,,0,0.8359693884849548
1AKE,214,unconstrained,,0,0.7947522401809692
1AKE,214,unconstrained,,-4,0.823335587978363
1AKE,214,unconstrained,,-2,0.8207906484603882
1AKE,214,unconstrained,,-3,0.7965121865272522
1AKE,214,unconstrained,,-12,0.8033252954483032
1AKE,214,unconstrained,,-3,0.8111031651496887
1AKE,214,unconstrained,,-8,0.8188050389289856
1AKE,214,unconstrained,,-6,0.8373070359230042
1AKE,214,unconstrained,,-2,0.7906063199043274
1AKE,214,unconstrained,,-7,0.8023104667663574
1AKE,214,unconstrained,,-7,0.8018883466720581
1AKE,214,unconstrained,,-11,0.7981056571006775
1AKE,214,unconstrained,,3,0.8050334453582764
1AKE,214,unconstrained,,-8,0.8210701942443848
1AKE,214,unconstrained,,-10,0.7932896018028259
1AKE,214,unconstrained,,-2,0.8116500973701477
1AKE,214,unconstrained,,-4,0.8391866087913513
1AKE,214,unconstrained,,0,0.803070604801178
1AKE,214,unconstrained,,-8,0.7821667790412903
1AKE,214,unconstrained,,-6,0.8157628178596497
1AKE,214,unconstrained,,-13,0.8279441595077515
1AKE,214,unconstrained,,-3,0.8268985748291016
1AKE,214,unconstrained,,1,0.7789452075958252
1AKE,214,unconstrained,,-4,0.8314267992973328
1AKE,214,unconstrained,,0,0.8313626646995544
1AKE,214,unconstrained,,-6,0.784328818321228
1AKE,214,unconstrained,,0,0.821628749370575
1AKE,214,unconstrained,,-5,0.8112841844558716
1AKE,214,unconstrained,,-9,0.8099187016487122
1AKE,214,unconstrained,,-6,0.807106614112854
1AKE,214,unconstrained,,-8,0.8317133784294128
1AKE,214,unconstrained,,-4,0.8226416707038879
1AKE,214,unconstrained,,-10,0.813234269618988
1AKE,214,unconstrained,,-9,0.8264611959457397
1AKE,214,unconstrained,,-4,0.8198635578155518
1AKE,214,unconstrained,,4,0.7949866056442261
1AKE,214,unconstrained,,-8,0.7871519923210144
1AKE,214,unconstrained,,-2,0.8144160509109497
1AKE,214,unconstrained,,-6,0.8230100870132446
1AKE,214,unconstrained,,1,0.7961663603782654
1AKE,214,unconstrained,,1,0.8006494641304016
1AKE,214,unconstrained,,-3,0.8188698887825012
1AKE,214,unconstrained,,-3,0.8085365295410156
1AKE,214,unconstrained,,-8,0.7832294702529907
1AKE,214,unconstrained,,-6,0.8060407042503357
1AKE,214,unconstrained,,-5,0.8087518811225891
1AKE,214,unconstrained,,-4,0.8124368190765381
1AKE,214,unconstrained,,-8,0.8135377168655396
1AKE,214,unconstrained,,-5,0.8188818693161011
1AKE,214,unconstrained,,1,0.7741148471832275
1AKE,214,unconstrained,,-9,0.7871098518371582
1AKE,214,unconstrained,,-7,0.8188942670822144
1AKE,214,unconstrained,,-5,0.7916458249092102
1AKE,214,unconstrained,,-6,0.8040450215339661
1AKE,214,unconstrained,,-7,0.7967748641967773
1AKE,214,unconstrained,,-10,0.8349564671516418
1AKE,214,unconstrained,,-5,0.8017427921295166
1AKE,214,unconstrained,,-4,0.8118784427642822
1AKE,214,unconstrained,,-3,0.7852471470832825
1AKE,214,unconstrained,,-7,0.8014016151428223
1AKE,214,unconstrained,,-9,0.8121281862258911
1AKE,214,unconstrained,,-7,0.8540735840797424
1AKE,214,unconstrained,,-3,0.7941542267799377
1AKE,214,unconstrained,,-7,0.8126593232154846
1AKE,214,unconstrained,,-2,0.805874228477478
1AKE,214,unconstrained,,-7,0.802448570728302
1AKE,214,unconstrained,,-6,0.7753781080245972
1AKE,214,unconstrained,,-9,0.832243800163269
1AKE,214,unconstrained,,-6,0.8327988982200623
1AKE,214,unconstrained,,-8,0.7794920802116394
1AKE,214,unconstrained,,-8,0.8062190413475037
1AKE,214,unconstrained,,-3,0.8010157346725464
1AKE,214,unconstrained,,-9,0.8052312135696411
1AKE,214,unconstrained,,-4,0.8147951364517212
1AKE,214,unconstrained,,-5,0.8251928687095642
1AKE,214,unconstrained,,-4,0.8313132524490356
1AKE,214,unconstrained,,-5,0.8047870397567749
1AKE,214,unconstrained,,-10,0.7941282391548157
1AKE,214,unconstrained,,-3,0.8054150342941284
1AKE,214,unconstrained,,-5,0.8276344537734985
1AKE,214,unconstrained,,-3,0.8286253213882446
1AKE,214,unconstrained,,-11,0.8158283829689026
1AKE,214,unconstrained,,-7,0.7766314148902893
1AKE,214,unconstrained,,1,0.8125854134559631
1AKE,214,unconstrained,,-2,0.790880560874939
1AKE,214,unconstrained,,-2,0.777327299118042
1AKE,214,unconstrained,,-12,0.8513823747634888
1AKE,214,unconstrained,,-10,0.7951123714447021
1AKE,214,unconstrained,,-5,0.7988453507423401
1AKE,214,unconstrained,,-8,0.8057423830032349
1AKE,214,unconstrained,,-5,0.7971189618110657
1AKE,214,unconstrained,,-6,0.8204445242881775
1AKE,214,unconstrained,,-4,0.8224820494651794
1AKE,214,unconstrained,,-4,0.8034687638282776
1AKE,214,unconstrained,,-8,0.8151267766952515
1AKE,214,unconstrained,,-5,0.8305104970932007
1AKE,214,unconstrained,,-7,0.8362259864807129
1AKE,214,unconstrained,,-4,0.8027852177619934
1AKE,214,unconstrained,,-3,0.8253907561302185
1AKE,214,unconstrained,,-9,0.8108486533164978
1AKE,214,unconstrained,,-4,0.8106469511985779
1AKE,214,unconstrained,,-8,0.8091392517089844
1AKE,214,unconstrained,,-5,0.8240320682525635
1AKE,214,unconstrained,,-1,0.7849735021591187
1AKE,214,unconstrained,,-8,0.8251521587371826
1AKE,214,unconstrained,,-6,0.8296303153038025
1AKE,214,unconstrained,,-7,0.8256301879882812
1AKE,214,unconstrained,,-1,0.7985445261001587
1AKE,214,unconstrained,,-3,0.803346574306488
1AKE,214,unconstrained,,-7,0.8041648864746094
1AKE,214,unconstrained,,-6,0.8192524313926697
1AKE,214,unconstrained,,-10,0.791942834854126
1AKE,214,unconstrained,,-4,0.7727930545806885
1AKE,214,unconstrained,,-2,0.7850015163421631
1AKE,214,unconstrained,,-9,0.8047686815261841
1AKE,214,unconstrained,,-3,0.7829784750938416
1AKE,214,unconstrained,,-4,0.7990527153015137
1AKE,214,unconstrained,,-2,0.7993308305740356
1AKE,214,unconstrained,,-2,0.8275755047798157
1AKE,214,unconstrained,,-2,0.8132113814353943
1AKE,214,unconstrained,,-6,0.8123319149017334
1AKE,214,unconstrained,,-3,0.8119773864746094
1AKE,214,unconstrained,,-3,0.7910887598991394
1AKE,214,unconstrained,,-8,0.807429850101471
1AKE,214,unconstrained,,-2,0.806623637676239
1AKE,214,unconstrained,,-9,0.8330873847007751
1AKE,214,unconstrained,,-4,0.7936295866966248
1AKE,214,unconstrained,,-9,0.785772442817688
1AKE,214,unconstrained,,-3,0.8256558775901794
1AKE,214,unconstrained,,-6,0.7912017107009888
1AKE,214,unconstrained,,-7,0.8201011419296265
1AKE,214,unconstrained,,-11,0.8088181018829346
1AKE,214,unconstrained,,-2,0.8092565536499023
1AKE,214,unconstrained,,-8,0.8110429048538208
1AKE,214,unconstrained,,-9,0.8234540224075317
1AKE,214,unconstrained,,-5,0.8286428451538086
1AKE,214,unconstrained,,-7,0.8002618551254272
1AKE,214,unconstrained,,-4,0.8086655735969543
1AKE,214,unconstrained,,1,0.7821714878082275
1AKE,214,unconstrained,,-3,0.804821789264679
1AKE,214,unconstrained,,-6,0.8021900057792664
1AKE,214,unconstrained,,-4,0.8244161009788513
1AKE,214,unconstrained,,-5,0.8182247877120972
1AKE,214,unconstrained,,-6,0.8051628470420837
1AKE,214,unconstrained,,-4,0.7963513731956482
1AKE,214,unconstrained,,-15,0.816091775894165
1AKE,214,unconstrained,,-5,0.8049174547195435
1AKE,214,unconstrained,,-8,0.7946712970733643
1AKE,214,unconstrained,,-5,0.8250864744186401
1AKE,214,unconstrained,,-2,0.8343839049339294
1AKE,214,unconstrained,,1,0.8037442564964294
1AKE,214,unconstrained,,-4,0.8273196816444397
1AKE,214,unconstrained,,-8,0.8071315884590149
1AKE,214,unconstrained,,-3,0.8076267242431641
1AKE,214,unconstrained,,0,0.8237342238426208
1AKE,214,unconstrained,,-6,0.8378542065620422
1AKE,214,unconstrained,,-1,0.8082804679870605
1AKE,214,unconstrained,,-4,0.8110691905021667
1AKE,214,unconstrained,,-3,0.8069441914558411
1AKE,214,unconstrained,,-8,0.7991896271705627
1AKE,214,unconstrained,,-2,0.8013787269592285
1AKE,214,unconstrained,,-10,0.8055854439735413
1AKE,214,unconstrained,,1,0.7813863158226013
1AKE,214,unconstrained,,-8,0.8225080370903015
1AKE,214,unconstrained,,-4,0.8148075938224792
1AKE,214,unconstrained,,-9,0.7949253916740417
1AKE,214,unconstrained,,-9,0.8249179124832153
1AKE,214,unconstrained,,-8,0.8254879117012024
1AKE,214,unconstrained,,-5,0.8185265064239502
1AKE,214,unconstrained,,0,0.7831807136535645
1AKE,214,unconstrained,,-8,0.7908029556274414
1AKE,214,unconstrained,,-2,0.7978872060775757
1AKE,214,unconstrained,,-5,0.7922818064689636
1AKE,214,unconstrained,,-2,0.821236252784729
1AKE,214,unconstrained,,-4,0.8142561316490173
1AKE,214,unconstrained,,-6,0.8099682927131653
1AKE,214,unconstrained,,0,0.8109664916992188
1AKE,214,unconstrained,,-1,0.8068490624427795
1AKE,214,unconstrained,,-5,0.8016027808189392
1AKE,214,unconstrained,,-4,0.8226317167282104
1AKE,214,unconstrained,,-6,0.8047196269035339
1AKE,214,unconstrained,,-7,0.8151747584342957
1AKE,214,unconstrained,,-3,0.7932693362236023
1AKE,214,unconstrained,,-11,0.8095712065696716
1AKE,214,unconstrained,,-7,0.7843270897865295
1AKE,214,unconstrained,,-8,0.8195328712463379
1AKE,214,unconstrained,,-6,0.7888062000274658
1AKE,214,unconstrained,,-7,0.8147387504577637
1AKE,214,unconstrained,,-3,0.8012315630912781
1AKE,214,unconstrained,,-7,0.8041256070137024
1AKE,214,unconstrained,,-3,0.8011240363121033
1AKE,214,unconstrained,,-4,0.8124457001686096
1AKE,214,unconstrained,,-4,0.8199794888496399
1AKE,214,unconstrained,,-7,0.8146123886108398
1AKE,214,unconstrained,,-2,0.804490327835083
1AKE,214,unconstrained,,-11,0.7960254549980164
1AKE,214,unconstrained,,-2,0.8170837163925171
1AKE,214,unconstrained,,-5,0.804205596446991
1AKE,214,unconstrained,,-9,0.8062349557876587
1AKE,214,unconstrained,,-7,0.7824122309684753
1AKE,214,unconstrained,,-1,0.8319773077964783
1AKE,214,unconstrained,,-3,0.8045225739479065
1AKE,214,unconstrained,,-9,0.8312152624130249
1AKE,214,unconstrained,,-10,0.8038592338562012
1AKE,214,unconstrained,,-10,0.8015457987785339
1AKE,214,unconstrained,,-4,0.8098430633544922
1AKE,214,unconstrained,,-2,0.7801439166069031
1AKE,214,unconstrained,,-6,0.815260648727417
1AKE,214,unconstrained,,-2,0.8177230358123779
1AKE,214,unconstrained,,-6,0.7925166487693787
1AKE,214,unconstrained,,-5,0.830424427986145
1AKE,214,unconstrained,,-2,0.785244882106781
1AKE,214,unconstrained,,-1,0.8057345747947693
1AKE,214,unconstrained,,-8,0.8238560557365417
1AKE,214,unconstrained,,-5,0.8054786324501038
1AKE,214,unconstrained,,-9,0.8061589002609253
1AKE,214,unconstrained,,-8,0.8338845372200012
1AKE,214,unconstrained,,-1,0.8097960352897644
1AKE,214,unconstrained,,-8,0.7976115942001343
1AKE,214,unconstrained,,-7,0.8030182719230652
1AKE,214,unconstrained,,-2,0.7822171449661255
1AKE,214,unconstrained,,-7,0.79183429479599
1AKE,214,unconstrained,,-4,0.8032717108726501
1AKE,214,unconstrained,,-8,0.7833095788955688
1AKE,214,unconstrained,,-7,0.8004181981086731
1AKE,214,unconstrained,,-10,0.8062602281570435
1AKE,214,unconstrained,,0,0.7926256060600281
1AKE,214,unconstrained,,-4,0.8066731691360474
1AKE,214,unconstrained,,-9,0.8115234375
1AKE,214,unconstrained,,-2,0.8006604313850403
1AKE,214,unconstrained,,-8,0.8187206387519836
1AKE,214,unconstrained,,-3,0.838942289352417
1AKE,214,unconstrained,,-4,0.8122475147247314
1AKE,214,unconstrained,,-4,0.8063435554504395
1AKE,214,unconstrained,,-4,0.7999605536460876
1AKE,214,unconstrained,,-13,0.8316272497177124
1AKE,214,unconstrained,,-7,0.8055244088172913
1AKE,214,unconstrained,,0,0.7827703356742859
1AKE,214,unconstrained,,-5,0.8148801922798157
1AKE,214,unconstrained,,-3,0.8208547830581665
1AKE,214,unconstrained,,-6,0.7692497372627258
1AKE,214,unconstrained,,-7,0.8128827810287476
1AKE,214,unconstrained,,-1,0.8000649809837341
1AKE,214,unconstrained,,-14,0.8328841328620911
1AKE,214,unconstrained,,-9,0.8036247491836548
1AKE,214,unconstrained,,-3,0.7925400733947754
1AKE,214,unconstrained,,-8,0.8092263340950012
1AKE,214,unconstrained,,-6,0.8065046668052673
1AKE,214,unconstrained,,-8,0.8419428467750549
1AKE,214,unconstrained,,-6,0.800381064414978
1AKE,214,unconstrained,,1,0.8177836537361145
1AKE,214,unconstrained,,-5,0.8291119933128357
1AKE,214,unconstrained,,-1,0.8137678503990173
1AKE,214,unconstrained,,-5,0.8048336505889893
1AKE,214,unconstrained,,-11,0.8173270225524902
1AKE,214,unconstrained,,-4,0.7964434027671814
1AKE,214,unconstrained,,-10,0.8059496879577637
1AKE,214,unconstrained,,0,0.7921968102455139
1AKE,214,unconstrained,,-8,0.8233615159988403
1AKE,214,unconstrained,,1,0.7801268100738525
1AKE,214,unconstrained,,-2,0.7960270643234253
1AKE,214,unconstrained,,-4,0.7981069684028625
1AKE,214,unconstrained,,-9,0.8044319152832031
1AKE,214,unconstrained,,-10,0.7961402535438538
1AKE,214,unconstrained,,-11,0.8180795311927795
1AKE,214,unconstrained,,-7,0.8167340755462646
1AKE,214,unconstrained,,-2,0.8084093332290649
1AKE,214,unconstrained,,-4,0.840501070022583
1AKE,214,unconstrained,,-6,0.802459180355072
1AKE,214,unconstrained,,-11,0.804087221622467
1AKE,214,unconstrained,,-1,0.806825578212738
1AKE,214,unconstrained,,-10,0.8138315677642822
1AKE,214,unconstrained,,-6,0.7935230135917664
1AKE,214,unconstrained,,-5,0.7900129556655884
1AKE,214,unconstrained,,-9,0.8159614205360413
1AKE,214,unconstrained,,-4,0.8069862723350525
1AKE,214,unconstrained,,1,0.7910308837890625
1AKE,214,unconstrained,,-6,0.7832052111625671
1AKE,214,unconstrained,,-9,0.8264213800430298
1AKE,214,unconstrained,,-11,0.8217094540596008
1AKE,214,unconstrained,,-8,0.8168416023254395
1AKE,214,unconstrained,,-4,0.8178660273551941
1AKE,214,unconstrained,,-10,0.8360754251480103
1AKE,214,unconstrained,,-9,0.8027085661888123
1AKE,214,unconstrained,,-3,0.8026891946792603
1AKE,214,unconstrained,,-5,0.8023801445960999
1AKE,214,unconstrained,,0,0.8187820911407471
1AKE,214,unconstrained,,4,0.8216001987457275
1AKE,214,unconstrained,,-7,0.8409042954444885
1AKE,214,unconstrained,,-11,0.829684317111969
1AKE,214,unconstrained,,-1,0.792131245136261
1AKE,214,unconstrained,,-2,0.8008031845092773
1AKE,214,unconstrained,,-7,0.7995523810386658
1AKE,214,unconstrained,,-7,0.7854019999504089
1AKE,214,unconstrained,,-4,0.8095537424087524
1AKE,214,unconstrained,,1,0.798174262046814
1AKE,214,unconstrained,,-3,0.7893251776695251
1AKE,214,unconstrained,,-10,0.8278999924659729
1AKE,214,unconstrained,,-9,0.8498255610466003
1AKE,214,unconstrained,,-6,0.8158848881721497
1AKE,214,unconstrained,,-4,0.8233341574668884
1AKE,214,unconstrained,,-8,0.8313105702400208
1AKE,214,unconstrained,,-13,0.8103702068328857
1AKE,214,unconstrained,,-6,0.8087348937988281
1AKE,214,unconstrained,,1,0.8124060034751892
1AKE,214,unconstrained,,-5,0.8061710596084595
1AKE,214,unconstrained,,-5,0.8368426561355591
1AKE,214,unconstrained,,-9,0.8085517883300781
1AKE,214,unconstrained,,-4,0.7882182002067566
1AKE,214,unconstrained,,-6,0.8220854997634888
1AKE,214,unconstrained,,-5,0.7839098572731018
1AKE,214,unconstrained,,-6,0.7944539189338684
1AKE,214,unconstrained,,-3,0.7953619360923767
1AKE,214,unconstrained,,-6,0.8412575125694275
1AKE,214,unconstrained,,1,0.8220900297164917
1AKE,214,unconstrained,,0,0.822980523109436
1AKE,214,unconstrained,,-7,0.8147671222686768
1AKE,214,unconstrained,,-7,0.8386347889900208
1AKE,214,unconstrained,,-6,0.8098937273025513
1AKE,214,unconstrained,,-2,0.784368634223938
1AKE,214,unconstrained,,-2,0.823936939239502
1AKE,214,unconstrained,,-10,0.806757390499115
1AKE,214,unconstrained,,-5,0.7956903576850891
1AKE,214,unconstrained,,-4,0.8121238350868225
1AKE,214,unconstrained,,-3,0.8183969855308533
1AKE,214,unconstrained,,-3,0.8379566073417664
1AKE,214,unconstrained,,-6,0.8083041906356812
1AKE,214,unconstrained,,-12,0.8172359466552734
1AKE,214,unconstrained,,-5,0.7973493337631226
1AKE,214,unconstrained,,-5,0.8189750909805298
1AKE,214,unconstrained,,-3,0.8070189356803894
1AKE,214,unconstrained,,4,0.8067798018455505
1AKE,214,unconstrained,,-9,0.8256873488426208
1AKE,214,unconstrained,,-1,0.8376093506813049
1AKE,214,unconstrained,,0,0.7941448092460632
1AKE,214,unconstrained,,-3,0.822988748550415
1AKE,214,unconstrained,,-7,0.8387947082519531
1AKE,214,unconstrained,,-4,0.8023072481155396
1AKE,214,unconstrained,,-6,0.8251707553863525
1AKE,214,unconstrained,,-5,0.809858500957489
1AKE,214,unconstrained,,-7,0.8169056177139282
1AKE,214,unconstrained,,-6,0.8016324639320374
1AKE,214,unconstrained,,-7,0.8081861734390259
1AKE,214,unconstrained,,1,0.8053059577941895
1AKE,214,unconstrained,,-3,0.7904268503189087
1AKE,214,unconstrained,,-5,0.8054923415184021
1AKE,214,unconstrained,,-4,0.8230945467948914
1AKE,214,unconstrained,,-6,0.8116133809089661
1AKE,214,unconstrained,,-2,0.8411222696304321
1AKE,214,unconstrained,,-2,0.7932080030441284
1AKE,214,unconstrained,,-6,0.8112236261367798
1AKE,214,unconstrained,,-5,0.7959560751914978
1AKE,214,unconstrained,,-7,0.8107550740242004
1AKE,214,unconstrained,,-5,0.7903636693954468
1AKE,214,unconstrained,,-10,0.7863048315048218
1AKE,214,unconstrained,,-11,0.8208168148994446
1AKE,214,unconstrained,,-7,0.8037341833114624
1AKE,214,unconstrained,,1,0.7984898686408997
1AKE,214,unconstrained,,-6,0.8070129156112671
1AKE,214,unconstrained,,-4,0.8364695310592651
1AKE,214,unconstrained,,-11,0.8440491557121277
1AKE,214,unconstrained,,-1,0.81838458776474
1AKE,214,unconstrained,,-7,0.8305443525314331
1AKE,214,unconstrained,,-6,0.8059580326080322
1AKE,214,unconstrained,,-3,0.8039210438728333
1AKE,214,unconstrained,,-12,0.7892414331436157
1AKE,214,unconstrained,,-7,0.8342578411102295
1AKE,214,unconstrained,,-6,0.8183667063713074
1AKE,214,unconstrained,,-15,0.8209733963012695
1AKE,214,unconstrained,,-4,0.8099333643913269
1AKE,214,unconstrained,,-2,0.8094025254249573
1AKE,214,unconstrained,,-8,0.8412083387374878
1AKE,214,unconstrained,,-8,0.8378040194511414
1AKE,214,unconstrained,,-4,0.7916259765625
1AKE,214,unconstrained,,-4,0.7999170422554016
1AKE,214,unconstrained,,-9,0.8170197010040283
1AKE,214,unconstrained,,-1,0.8101384043693542
1AKE,214,unconstrained,,-5,0.7928666472434998
1AKE,214,unconstrained,,-8,0.819495439529419
1AKE,214,unconstrained,,-7,0.8084249496459961
1AKE,214,unconstrained,,-6,0.8287568688392639
1AKE,214,unconstrained,,-6,0.8265196681022644
1AKE,214,unconstrained,,-13,0.8498887419700623
1AKE,214,unconstrained,,-7,0.818854033946991
1AKE,214,unconstrained,,-3,0.7713557481765747
1AKE,214,unconstrained,,-9,0.7912390828132629
1AKE,214,unconstrained,,-10,0.8173344731330872
1AKE,214,unconstrained,,-5,0.8041291832923889
1AKE,214,unconstrained,,-7,0.8096022009849548
1AKE,214,unconstrained,,-2,0.8186511397361755
1AKE,214,unconstrained,,-3,0.8115605115890503
1AKE,214,unconstrained,,-1,0.8064466714859009
1AKE,214,unconstrained,,-9,0.8307838439941406
1AKE,214,unconstrained,,-9,0.8423778414726257
1AKE,214,unconstrained,,-5,0.8017794489860535
1AKE,214,unconstrained,,-2,0.7823403477668762
1AKE,214,unconstrained,,-3,0.820523202419281
1AKE,214,unconstrained,,-9,0.8354784250259399
1AKE,214,unconstrained,,-12,0.8397358655929565
1AKE,214,unconstrained,,0,0.7855309247970581
1AKE,214,constrained,-17,-17,0.9699892401695251
1AKE,214,constrained,-17,-17,0.9733975529670715
1AKE,214,constrained,-17,-17,0.8479554057121277
1AKE,214,constrained,-17,-17,0.9733011722564697
1AKE,214,constrained,-17,-17,0.9543250203132629
1AKE,214,constrained,-17,-17,0.8823950886726379
1AKE,214,constrained,-17,-17,0.9108375310897827
1AKE,214,constrained,-17,-17,0.8662009239196777
1AKE,214,constrained,-17,-17,0.931838870048523
1AKE,214,constrained,-17,-17,0.8760883212089539
1AKE,214,constrained,-17,-17,0.8736143708229065
1AKE,214,constrained,-17,-17,0.8148031830787659
1AKE,214,constrained,-17,-17,0.8805379867553711
1AKE,214,constrained,-17,-17,0.8184199333190918
1AKE,214,constrained,-17,-17,0.8697710633277893
1AKE,214,constrained,-17,-17,0.9114267230033875
1AKE,214,constrained,-17,-17,0.9138059020042419
1AKE,214,constrained,-17,-17,0.8599893450737
1AKE,214,constrained,-17,-17,0.8591450452804565
1AKE,214,constrained,-17,-17,0.8844732642173767
1AKE,214,constrained,-17,-17,0.9651787281036377
1AKE,214,constrained,-17,-17,0.8649888038635254
1AKE,214,constrained,-17,-17,0.9350210428237915
1AKE,214,constrained,-17,-17,0.8624529838562012
1AKE,214,constrained,-17,-17,0.8793671131134033
1AKE,214,constrained,-17,-17,0.861340343952179
1AKE,214,constrained,-17,-17,0.9089632034301758
1AKE,214,constrained,-17,-17,0.9911883473396301
1AKE,214,constrained,-17,-17,0.839025616645813
1AKE,214,constrained,-17,-17,0.8508361577987671
1AKE,214,constrained,-17,-17,0.8708236217498779
1AKE,214,constrained,-17,-17,0.9428132176399231
1AKE,214,constrained,-13,-13,0.9093441367149353
1AKE,214,constrained,-13,-13,0.9265729784965515
1AKE,214,constrained,-13,-13,0.8771830201148987
1AKE,214,constrained,-13,-13,0.9612547159194946
1AKE,214,constrained,-13,-13,0.8754599690437317
1AKE,214,constrained,-13,-13,0.8520568609237671
1AKE,214,constrained,-13,-13,0.8941267728805542
1AKE,214,constrained,-13,-13,0.8355318903923035
1AKE,214,constrained,-13,-13,0.8281741738319397
1AKE,214,constrained,-13,-13,0.841791570186615
1AKE,214,constrained,-13,-13,0.8759418725967407
1AKE,214,constrained,-13,-13,0.8111699819564819
1AKE,214,constrained,-13,-13,0.8346247673034668
1AKE,214,constrained,-13,-13,0.8195350766181946
1AKE,214,constrained,-13,-13,0.8241201043128967
1AKE,214,constrained,-13,-13,0.844318687915802
1AKE,214,constrained,-13,-13,0.8551611304283142
1AKE,214,constrained,-13,-13,0.8482126593589783
1AKE,214,constrained,-13,-13,0.8501606583595276
1AKE,214,constrained,-13,-13,0.8864521980285645
1AKE,214,constrained,-13,-13,0.8643396496772766
1AKE,214,constrained,-13,-13,0.8708744049072266
1AKE,214,constrained,-13,-13,0.8564695119857788
1AKE,214,constrained,-13,-13,0.8273718953132629
1AKE,214,constrained,-13,-13,0.8595151305198669
1AKE,214,constrained,-13,-13,0.8797045350074768
1AKE,214,constrained,-13,-13,0.8869318962097168
1AKE,214,constrained,-13,-13,0.8374279737472534
1AKE,214,constrained,-13,-13,0.8118226528167725
1AKE,214,constrained,-13,-13,0.8514018058776855
1AKE,214,constrained,-13,-13,0.8340474963188171
1AKE,214,constrained,-13,-13,0.9238137006759644
1AKE,214,constrained,-11,-11,0.8539278507232666
1AKE,214,constrained,-11,-11,0.9208517670631409
1AKE,214,constrained,-11,-11,0.8389667272567749
1AKE,214,constrained,-11,-11,0.9299183487892151
1AKE,214,constrained,-11,-11,0.8481331467628479
1AKE,214,constrained,-11,-11,0.8449116945266724
1AKE,214,constrained,-11,-11,0.8697157502174377
1AKE,214,constrained,-11,-11,0.8321915864944458
1AKE,214,constrained,-11,-11,0.8271646499633789
1AKE,214,constrained,-11,-11,0.8441447019577026
1AKE,214,constrained,-11,-11,0.8742210865020752
1AKE,214,constrained,-11,-11,0.8130300641059875
1AKE,214,constrained,-11,-11,0.8079984188079834
1AKE,214,constrained,-11,-11,0.8188539147377014
1AKE,214,constrained,-11,-11,0.8326572775840759
1AKE,214,constrained,-11,-11,0.8537876009941101
1AKE,214,constrained,-11,-11,0.8396000266075134
1AKE,214,constrained,-11,-11,0.8422327637672424
1AKE,214,constrained,-11,-11,0.8450902700424194
1AKE,214,constrained,-11,-11,0.8945400714874268
1AKE,214,constrained,-11,-11,0.8497685790061951
1AKE,214,constrained,-11,-11,0.8198460936546326
1AKE,214,constrained,-11,-11,0.8390318751335144
1AKE,214,constrained,-11,-11,0.8304194808006287
1AKE,214,constrained,-11,-11,0.8372306227684021
1AKE,214,constrained,-11,-11,0.8285138607025146
1AKE,214,constrained,-11,-11,0.8685703277587891
1AKE,214,constrained,-11,-11,0.8502873778343201
1AKE,214,constrained,-11,-11,0.8126229047775269
1AKE,214,constrained,-11,-11,0.8469661474227905
1AKE,214,constrained,-11,-11,0.8224725127220154
1AKE,214,constrained,-11,-11,0.8484781980514526
1AKE,214,constrained,-9,-9,0.8274516463279724
1AKE,214,constrained,-9,-9,0.8308303356170654
1AKE,214,constrained,-9,-9,0.8178709149360657
1AKE,214,constrained,-9,-9,0.9681820869445801
1AKE,214,constrained,-9,-9,0.821445882320404
1AKE,214,constrained,-9,-9,0.8467917442321777
1AKE,214,constrained,-9,-9,0.8290603160858154
1AKE,214,constrained,-9,-9,0.830746591091156
1AKE,214,constrained,-9,-9,0.8388720750808716
1AKE,214,constrained,-9,-9,0.8377828001976013
1AKE,214,constrained,-9,-9,0.852306604385376
1AKE,214,constrained,-9,-9,0.8159507513046265
1AKE,214,constrained,-9,-9,0.8307328820228577
1AKE,214,constrained,-9,-9,0.8068881630897522
1AKE,214,constrained,-9,-9,0.8306728601455688
1AKE,214,constrained,-9,-9,0.8550422191619873
1AKE,214,constrained,-9,-9,0.8320469260215759
1AKE,214,constrained,-9,-9,0.8393846750259399
1AKE,214,constrained,-9,-9,0.845740795135498
1AKE,214,constrained,-9,-9,0.8374667763710022
1AKE,214,constrained,-9,-9,0.8362383246421814
1AKE,214,constrained,-9,-9,0.809521496295929
1AKE,214,constrained,-9,-9,0.8561815619468689
1AKE,214,constrained,-9,-9,0.8334550857543945
1AKE,214,constrained,-9,-9,0.8207359313964844
1AKE,214,constrained,-9,-9,0.8144888877868652
1AKE,214,constrained,-9,-9,0.8625834584236145
1AKE,214,constrained,-9,-9,0.8361008763313293
1AKE,214,constrained,-9,-9,0.8286435008049011
1AKE,214,constrained,-9,-9,0.8473889827728271
1AKE,214,constrained,-9,-9,0.8288869261741638
1AKE,214,constrained,-9,-9,0.8326322436332703
1AKE,214,constrained,-7,-7,0.8268241882324219
1AKE,214,constrained,-7,-7,0.8073651194572449
1AKE,214,constrained,-7,-7,0.8110088109970093
1AKE,214,constrained,-7,-7,0.9314191937446594
1AKE,214,constrained,-7,-7,0.7997705936431885
1AKE,214,constrained,-7,-7,0.8248717784881592
1AKE,214,constrained,-7,-7,0.910834789276123
1AKE,214,constrained,-7,-7,0.8345784544944763
1AKE,214,constrained,-7,-7,0.811919629573822
1AKE,214,constrained,-7,-7,0.8344094753265381
1AKE,214,constrained,-7,-7,0.8309947848320007
1AKE,214,constrained,-7,-7,0.799501359462738
1AKE,214,constrained,-7,-7,0.8331369757652283
1AKE,214,constrained,-7,-7,0.8139249086380005
1AKE,214,constrained,-7,-7,0.8275783061981201
1AKE,214,constrained,-7,-7,0.8415912985801697
1AKE,214,constrained,-7,-7,0.8160808682441711
1AKE,214,constrained,-7,-7,0.8329001665115356
1AKE,214,constrained,-7,-7,0.8480926752090454
1AKE,214,constrained,-7,-7,0.8761633038520813
1AKE,214,constrained,-7,-7,0.8366252779960632
1AKE,214,constrained,-7,-7,0.8111472129821777
1AKE,214,constrained,-7,-7,0.835461437702179
1AKE,214,constrained,-7,-7,0.8174039125442505
1AKE,214,constrained,-7,-7,0.8223928213119507
1AKE,214,constrained,-7,-7,0.8177201151847839
1AKE,214,constrained,-7,-7,0.86367267370224
1AKE,214,constrained,-7,-7,0.8508737087249756
1AKE,214,constrained,-7,-7,0.8293752074241638
1AKE,214,constrained,-7,-7,0.86660236120224
1AKE,214,constrained,-7,-7,0.8045724630355835
1AKE,214,constrained,-7,-7,0.8266923427581787
1AKE,214,constrained,-5,-5,0.8026782870292664
1AKE,214,constrained,-5,-5,0.7936452627182007
1AKE,214,constrained,-5,-5,0.792319655418396
1AKE,214,constrained,-5,-5,0.9073237776756287
1AKE,214,constrained,-5,-5,0.7983478307723999
1AKE,214,constrained,-5,-5,0.85429847240448
1AKE,214,constrained,-5,-5,0.8358475565910339
1AKE,214,constrained,-5,-5,0.8303099870681763
1AKE,214,constrained,-5,-5,0.8179983496665955
1AKE,214,constrained,-5,-5,0.8083256483078003
1AKE,214,constrained,-5,-5,0.8312258124351501
1AKE,214,constrained,-5,-5,0.8127234578132629
1AKE,214,constrained,-5,-5,0.8286511898040771
1AKE,214,constrained,-5,-5,0.8162562251091003
1AKE,214,constrained,-5,-5,0.8204441070556641
1AKE,214,constrained,-5,-5,0.8393717408180237
1AKE,214,constrained,-5,-5,0.8306455016136169
1AKE,214,constrained,-5,-5,0.8331496715545654
1AKE,214,constrained,-5,-5,0.8280172944068909
1AKE,214,constrained,-5,-5,0.8543339967727661
1AKE,214,constrained,-5,-5,0.8387071490287781
1AKE,214,constrained,-5,-5,0.801041841506958
1AKE,214,constrained,-5,-5,0.8407575488090515
1AKE,214,constrained,-5,-5,0.810522735118866
1AKE,214,constrained,-5,-5,0.825066864490509
1AKE,214,constrained,-5,-5,0.8302159905433655
1AKE,214,constrained,-5,-5,0.8473523855209351
1AKE,214,constrained,-5,-5,0.8588163256645203
1AKE,214,constrained,-5,-5,0.8039419054985046
1AKE,214,constrained,-5,-5,0.8317880630493164
1AKE,214,constrained,-5,-5,0.8317434191703796
1AKE,214,constrained,-5,-5,0.8134907484054565
1AKE,214,constrained,-3,-3,0.8136231303215027
1AKE,214,constrained,-3,-3,0.8064638376235962
1AKE,214,constrained,-3,-3,0.7867650985717773
1AKE,214,constrained,-3,-3,0.8787375092506409
1AKE,214,constrained,-3,-3,0.8049618005752563
1AKE,214,constrained,-3,-3,0.8482928276062012
1AKE,214,constrained,-3,-3,0.8187201619148254
1AKE,214,constrained,-3,-3,0.8313536047935486
1AKE,214,constrained,-3,-3,0.8142217397689819
1AKE,214,constrained,-3,-3,0.8303253650665283
1AKE,214,constrained,-3,-3,0.8372502326965332
1AKE,214,constrained,-3,-3,0.7991639375686646
1AKE,214,constrained,-3,-3,0.8373178839683533
1AKE,214,constrained,-3,-3,0.8157036304473877
1AKE,214,constrained,-3,-3,0.8228186368942261
1AKE,214,constrained,-3,-3,0.8362379670143127
1AKE,214,constrained,-3,-3,0.8273996114730835
1AKE,214,constrained,-3,-3,0.8322725892066956
1AKE,214,constrained,-3,-3,0.8288374543190002
1AKE,214,constrained,-3,-3,0.8289897441864014
1AKE,214,constrained,-3,-3,0.834011971950531
1AKE,214,constrained,-3,-3,0.816234827041626
1AKE,214,constrained,-3,-3,0.8440746665000916
1AKE,214,constrained,-3,-3,0.81396484375
1AKE,214,constrained,-3,-3,0.8108456134796143
1AKE,214,constrained,-3,-3,0.8236092329025269
1AKE,214,constrained,-3,-3,0.8447086811065674
1AKE,214,constrained,-3,-3,0.8565101623535156
1AKE,214,constrained,-3,-3,0.7974350452423096
1AKE,214,constrained,-3,-3,0.8433271646499634
1AKE,214,constrained,-3,-3,0.8348281383514404
1AKE,214,constrained,-3,-3,0.8198115229606628
1AKE,214,constrained,-1,-1,0.839855432510376
1AKE,214,constrained,-1,-1,0.835891842842102
1AKE,214,constrained,-1,-1,0.7892155051231384
1AKE,214,constrained,-1,-1,0.8488109111785889
1AKE,214,constrained,-1,-1,0.8236299753189087
1AKE,214,constrained,-1,-1,0.8479543924331665
1AKE,214,constrained,-1,-1,0.8195477724075317
1AKE,214,constrained,-1,-1,0.8374863862991333
1AKE,214,constrained,-1,-1,0.8316336274147034
1AKE,214,constrained,-1,-1,0.8272994756698608
1AKE,214,constrained,-1,-1,0.8296335339546204
1AKE,214,constrained,-1,-1,0.8151643872261047
1AKE,214,constrained,-1,-1,0.8312922716140747
1AKE,214,constrained,-1,-1,0.8202654123306274
1AKE,214,constrained,-1,-1,0.8064491748809814
1AKE,214,constrained,-1,-1,0.8314451575279236
1AKE,214,constrained,-1,-1,0.8296051025390625
1AKE,214,constrained,-1,-1,0.8394735455513
1AKE,214,constrained,-1,-1,0.8058426976203918
1AKE,214,constrained,-1,-1,0.8339086174964905
1AKE,214,constrained,-1,-1,0.8338468074798584
1AKE,214,constrained,-1,-1,0.8270851373672485
1AKE,214,constrained,-1,-1,0.8016409873962402
1AKE,214,constrained,-1,-1,0.836025059223175
1AKE,214,constrained,-1,-1,0.8157833218574524
1AKE,214,constrained,-1,-1,0.8266502618789673
1AKE,214,constrained,-1,-1,0.8476604223251343
1AKE,214,constrained,-1,-1,0.8578361868858337
1AKE,214,constrained,-1,-1,0.8218242526054382
1AKE,214,constrained,-1,-1,0.834270179271698
1AKE,214,constrained,-1,-1,0.8077053427696228
1AKE,214,constrained,-1,-1,0.8117782473564148
1AKE,214,constrained,1,1,0.8566336631774902
1AKE,214,constrained,1,1,0.8168699145317078
1AKE,214,constrained,1,1,0.8389376997947693
1AKE,214,constrained,1,1,0.8247426748275757
1AKE,214,constrained,1,1,0.8297970294952393
1AKE,214,constrained,1,1,0.8441388607025146
1AKE,214,constrained,1,1,0.8176401853561401
1AKE,214,constrained,1,1,0.8785755038261414
1AKE,214,constrained,1,1,0.8303381204605103
1AKE,214,constrained,1,1,0.8475649356842041
1AKE,214,constrained,1,1,0.8304224014282227
1AKE,214,constrained,1,1,0.7917680144309998
1AKE,214,constrained,1,1,0.8209660053253174
1AKE,214,constrained,1,1,0.813306987285614
1AKE,214,constrained,1,1,0.8224889039993286
1AKE,214,constrained,1,1,0.8425737619400024
1AKE,214,constrained,1,1,0.8285897374153137
1AKE,214,constrained,1,1,0.8582965731620789
1AKE,214,constrained,1,1,0.7967785000801086
1AKE,214,constrained,1,1,0.863519012928009
1AKE,214,constrained,1,1,0.8641824722290039
1AKE,214,constrained,1,1,0.8742132782936096
1AKE,214,constrained,1,1,0.8055583834648132
1AKE,214,constrained,1,1,0.8036096692085266
1AKE,214,constrained,1,1,0.8333261013031006
1AKE,214,constrained,1,1,0.8367896676063538
1AKE,214,constrained,1,1,0.8380929827690125
1AKE,214,constrained,1,1,0.858799934387207
1AKE,214,constrained,1,1,0.7984415888786316
1AKE,214,constrained,1,1,0.8304757475852966
1AKE,214,constrained,1,1,0.8186693787574768
1AKE,214,constrained,1,1,0.8286024332046509
1AKE,214,constrained,3,3,0.8549048900604248
1AKE,214,constrained,3,3,0.818788468837738
1AKE,214,constrained,3,3,0.8776555061340332
1AKE,214,constrained,3,3,0.8126010298728943
1AKE,214,constrained,3,3,0.8642311096191406
1AKE,214,constrained,3,3,0.8662559986114502
1AKE,214,constrained,3,3,0.8183396458625793
1AKE,214,constrained,3,3,0.8818165063858032
1AKE,214,constrained,3,3,0.8210188150405884
1AKE,214,constrained,3,3,0.8419321179389954
1AKE,214,constrained,3,3,0.9389461278915405
1AKE,214,constrained,3,3,0.8039970993995667
1AKE,214,constrained,3,3,0.8381221294403076
1AKE,214,constrained,3,3,0.8151249885559082
1AKE,214,constrained,3,3,0.8539090752601624
1AKE,214,constrained,3,3,0.9215032458305359
1AKE,214,constrained,3,3,0.8136014342308044
1AKE,214,constrained,3,3,0.8496927618980408
1AKE,214,constrained,3,3,0.7952730059623718
1AKE,214,constrained,3,3,0.8865038752555847
1AKE,214,constrained,3,3,0.9092938303947449
1AKE,214,constrained,3,3,0.8181012868881226
1AKE,214,constrained,3,3,0.8278932571411133
1AKE,214,constrained,3,3,0.8261629939079285
1AKE,214,constrained,3,3,0.8812132477760315
1AKE,214,constrained,3,3,0.8460233211517334
1AKE,214,constrained,3,3,0.8104183673858643
1AKE,214,constrained,3,3,0.865807294845581
1AKE,214,constrained,3,3,0.8177764415740967
1AKE,214,constrained,3,3,0.8403717875480652
1AKE,214,constrained,3,3,0.8159993886947632
1AKE,214,constrained,3,3,0.8314386010169983
1AKE,214,constrained,7,7,0.8923810124397278
1AKE,214,constrained,7,7,0.8697667121887207
1AKE,214,constrained,7,7,0.8538208603858948
1AKE,214,constrained,7,7,0.9142210483551025
1AKE,214,constrained,7,7,0.8781293630599976
1AKE,214,constrained,7,7,0.8706662058830261
1AKE,214,constrained,7,7,0.8843286633491516
1AKE,214,constrained,7,7,0.9511756300926208
1AKE,214,constrained,7,7,0.831695556640625
1AKE,214,constrained,7,7,0.8621522784233093
1AKE,214,constrained,7,7,1.014950156211853
1AKE,214,constrained,7,7,0.8559709787368774
1AKE,214,constrained,7,7,0.9535022974014282
1AKE,214,constrained,7,7,0.8113513588905334
1AKE,214,constrained,7,7,0.845551073551178
1AKE,214,constrained,7,7,0.8709039092063904
1AKE,214,constrained,7,7,0.8762720823287964
1AKE,214,constrained,7,7,1.0498563051223755
1AKE,214,constrained,7,7,0.7994588017463684
1AKE,214,constrained,7,7,0.9234285354614258
1AKE,214,constrained,7,7,0.9398670196533203
1AKE,214,constrained,7,7,0.8986847996711731
1AKE,214,constrained,7,7,0.8917710781097412
1AKE,214,constrained,7,7,0.9925643801689148
1AKE,214,constrained,7,7,0.9625161290168762
1AKE,214,constrained,7,7,0.8910801410675049
1AKE,214,constrained,7,7,0.8597580194473267
1AKE,214,constrained,7,7,0.9305947422981262
1AKE,214,constrained,7,7,0.8719869256019592
1AKE,214,constrained,7,7,0.8774232864379883
1AKE,214,constrained,7,7,0.8805187940597534
1AKE,214,constrained,7,7,0.8068732023239136
